timestamp,frame_id,cctv_name,event_message
2026-04-22 11:13:56,3902,[수원광명선] 광명 구봉산터널,[11:09:35] 상태 변경: NORMAL → JAM
2026-04-22 11:13:56,3902,[수원광명선] 광명 구봉산터널,[11:09:35] ROI 자동설정 정상 복귀
2026-04-22 11:13:56,3902,[수원광명선] 광명 구봉산터널,[11:09:36] 상태 변경: JAM → CONGESTION
2026-04-22 11:13:56,3902,[수원광명선] 광명 구봉산터널,[11:09:36] 상태 변경: CONGESTION → NORMAL
2026-04-22 11:13:56,3902,[수원광명선] 광명 구봉산터널,[11:09:41] 차선 bootstrap 완료
2026-04-22 11:13:56,3902,[수원광명선] 광명 구봉산터널,[11:09:42] 상태 변경: NORMAL → CONGESTION
2026-04-22 11:13:56,3902,[수원광명선] 광명 구봉산터널,[11:10:43] 상태 변경: CONGESTION → JAM
2026-04-22 11:13:56,3902,[수원광명선] 광명 구봉산터널,[11:10:48] 상태 변경: JAM → CONGESTION
2026-04-22 11:13:59,3954,[수원광명선] 광명 구봉산터널,[11:09:35] 상태 변경: NORMAL → JAM
2026-04-22 11:13:59,3954,[수원광명선] 광명 구봉산터널,[11:09:35] ROI 자동설정 정상 복귀
2026-04-22 11:13:59,3954,[수원광명선] 광명 구봉산터널,[11:09:36] 상태 변경: JAM → CONGESTION
2026-04-22 11:13:59,3954,[수원광명선] 광명 구봉산터널,[11:09:36] 상태 변경: CONGESTION → NORMAL
2026-04-22 11:13:59,3954,[수원광명선] 광명 구봉산터널,[11:09:41] 차선 bootstrap 완료
2026-04-22 11:13:59,3954,[수원광명선] 광명 구봉산터널,[11:09:42] 상태 변경: NORMAL → CONGESTION
2026-04-22 11:13:59,3954,[수원광명선] 광명 구봉산터널,[11:10:43] 상태 변경: CONGESTION → JAM
2026-04-22 11:13:59,3954,[수원광명선] 광명 구봉산터널,[11:10:48] 상태 변경: JAM → CONGESTION
2026-04-22 11:14:02,4002,[수원광명선] 광명 구봉산터널,[11:09:35] 상태 변경: NORMAL → JAM
2026-04-22 11:14:02,4002,[수원광명선] 광명 구봉산터널,[11:09:35] ROI 자동설정 정상 복귀
2026-04-22 11:14:02,4002,[수원광명선] 광명 구봉산터널,[11:09:36] 상태 변경: JAM → CONGESTION
2026-04-22 11:14:02,4002,[수원광명선] 광명 구봉산터널,[11:09:36] 상태 변경: CONGESTION → NORMAL
2026-04-22 11:14:02,4002,[수원광명선] 광명 구봉산터널,[11:09:41] 차선 bootstrap 완료
2026-04-22 11:14:02,4002,[수원광명선] 광명 구봉산터널,[11:09:42] 상태 변경: NORMAL → CONGESTION
2026-04-22 11:14:02,4002,[수원광명선] 광명 구봉산터널,[11:10:43] 상태 변경: CONGESTION → JAM
2026-04-22 11:14:02,4002,[수원광명선] 광명 구봉산터널,[11:10:48] 상태 변경: JAM → CONGESTION
2026-04-22 11:14:05,4055,[수원광명선] 광명 구봉산터널,[11:09:35] 상태 변경: NORMAL → JAM
2026-04-22 11:14:05,4055,[수원광명선] 광명 구봉산터널,[11:09:35] ROI 자동설정 정상 복귀
2026-04-22 11:14:05,4055,[수원광명선] 광명 구봉산터널,[11:09:36] 상태 변경: JAM → CONGESTION
2026-04-22 11:14:05,4055,[수원광명선] 광명 구봉산터널,[11:09:36] 상태 변경: CONGESTION → NORMAL
2026-04-22 11:14:05,4055,[수원광명선] 광명 구봉산터널,[11:09:41] 차선 bootstrap 완료
2026-04-22 11:14:05,4055,[수원광명선] 광명 구봉산터널,[11:09:42] 상태 변경: NORMAL → CONGESTION
2026-04-22 11:14:05,4055,[수원광명선] 광명 구봉산터널,[11:10:43] 상태 변경: CONGESTION → JAM
2026-04-22 11:14:05,4055,[수원광명선] 광명 구봉산터널,[11:10:48] 상태 변경: JAM → CONGESTION
2026-04-22 11:14:09,4109,[수원광명선] 광명 구봉산터널,[11:09:35] 상태 변경: NORMAL → JAM
2026-04-22 11:14:09,4109,[수원광명선] 광명 구봉산터널,[11:09:35] ROI 자동설정 정상 복귀
2026-04-22 11:14:09,4109,[수원광명선] 광명 구봉산터널,[11:09:36] 상태 변경: JAM → CONGESTION
2026-04-22 11:14:09,4109,[수원광명선] 광명 구봉산터널,[11:09:36] 상태 변경: CONGESTION → NORMAL
2026-04-22 11:14:09,4109,[수원광명선] 광명 구봉산터널,[11:09:41] 차선 bootstrap 완료
2026-04-22 11:14:09,4109,[수원광명선] 광명 구봉산터널,[11:09:42] 상태 변경: NORMAL → CONGESTION
2026-04-22 11:14:09,4109,[수원광명선] 광명 구봉산터널,[11:10:43] 상태 변경: CONGESTION → JAM
2026-04-22 11:14:09,4109,[수원광명선] 광명 구봉산터널,[11:10:48] 상태 변경: JAM → CONGESTION
2026-04-22 11:14:12,4158,[수원광명선] 광명 구봉산터널,[11:09:35] 상태 변경: NORMAL → JAM
2026-04-22 11:14:12,4158,[수원광명선] 광명 구봉산터널,[11:09:35] ROI 자동설정 정상 복귀
2026-04-22 11:14:12,4158,[수원광명선] 광명 구봉산터널,[11:09:36] 상태 변경: JAM → CONGESTION
2026-04-22 11:14:12,4158,[수원광명선] 광명 구봉산터널,[11:09:36] 상태 변경: CONGESTION → NORMAL
2026-04-22 11:14:12,4158,[수원광명선] 광명 구봉산터널,[11:09:41] 차선 bootstrap 완료
2026-04-22 11:14:12,4158,[수원광명선] 광명 구봉산터널,[11:09:42] 상태 변경: NORMAL → CONGESTION
2026-04-22 11:14:12,4158,[수원광명선] 광명 구봉산터널,[11:10:43] 상태 변경: CONGESTION → JAM
2026-04-22 11:14:12,4158,[수원광명선] 광명 구봉산터널,[11:10:48] 상태 변경: JAM → CONGESTION
2026-04-22 11:14:15,4207,[수원광명선] 광명 구봉산터널,[11:09:35] 상태 변경: NORMAL → JAM
2026-04-22 11:14:15,4207,[수원광명선] 광명 구봉산터널,[11:09:35] ROI 자동설정 정상 복귀
2026-04-22 11:14:15,4207,[수원광명선] 광명 구봉산터널,[11:09:36] 상태 변경: JAM → CONGESTION
2026-04-22 11:14:15,4207,[수원광명선] 광명 구봉산터널,[11:09:36] 상태 변경: CONGESTION → NORMAL
2026-04-22 11:14:15,4207,[수원광명선] 광명 구봉산터널,[11:09:41] 차선 bootstrap 완료
2026-04-22 11:14:15,4207,[수원광명선] 광명 구봉산터널,[11:09:42] 상태 변경: NORMAL → CONGESTION
2026-04-22 11:14:15,4207,[수원광명선] 광명 구봉산터널,[11:10:43] 상태 변경: CONGESTION → JAM
2026-04-22 11:14:15,4207,[수원광명선] 광명 구봉산터널,[11:10:48] 상태 변경: JAM → CONGESTION
2026-04-22 11:14:18,4258,[수원광명선] 광명 구봉산터널,[11:09:35] 상태 변경: NORMAL → JAM
2026-04-22 11:14:18,4258,[수원광명선] 광명 구봉산터널,[11:09:35] ROI 자동설정 정상 복귀
2026-04-22 11:14:18,4258,[수원광명선] 광명 구봉산터널,[11:09:36] 상태 변경: JAM → CONGESTION
2026-04-22 11:14:18,4258,[수원광명선] 광명 구봉산터널,[11:09:36] 상태 변경: CONGESTION → NORMAL
2026-04-22 11:14:18,4258,[수원광명선] 광명 구봉산터널,[11:09:41] 차선 bootstrap 완료
2026-04-22 11:14:18,4258,[수원광명선] 광명 구봉산터널,[11:09:42] 상태 변경: NORMAL → CONGESTION
2026-04-22 11:14:18,4258,[수원광명선] 광명 구봉산터널,[11:10:43] 상태 변경: CONGESTION → JAM
2026-04-22 11:14:18,4258,[수원광명선] 광명 구봉산터널,[11:10:48] 상태 변경: JAM → CONGESTION
2026-04-22 11:14:21,4307,[수원광명선] 광명 구봉산터널,[11:09:35] 상태 변경: NORMAL → JAM
2026-04-22 11:14:21,4307,[수원광명선] 광명 구봉산터널,[11:09:35] ROI 자동설정 정상 복귀
2026-04-22 11:14:21,4307,[수원광명선] 광명 구봉산터널,[11:09:36] 상태 변경: JAM → CONGESTION
2026-04-22 11:14:21,4307,[수원광명선] 광명 구봉산터널,[11:09:36] 상태 변경: CONGESTION → NORMAL
2026-04-22 11:14:21,4307,[수원광명선] 광명 구봉산터널,[11:09:41] 차선 bootstrap 완료
2026-04-22 11:14:21,4307,[수원광명선] 광명 구봉산터널,[11:09:42] 상태 변경: NORMAL → CONGESTION
2026-04-22 11:14:21,4307,[수원광명선] 광명 구봉산터널,[11:10:43] 상태 변경: CONGESTION → JAM
2026-04-22 11:14:21,4307,[수원광명선] 광명 구봉산터널,[11:10:48] 상태 변경: JAM → CONGESTION
2026-04-22 11:14:24,4359,[수원광명선] 광명 구봉산터널,[11:09:35] 상태 변경: NORMAL → JAM
2026-04-22 11:14:24,4359,[수원광명선] 광명 구봉산터널,[11:09:35] ROI 자동설정 정상 복귀
2026-04-22 11:14:24,4359,[수원광명선] 광명 구봉산터널,[11:09:36] 상태 변경: JAM → CONGESTION
2026-04-22 11:14:24,4359,[수원광명선] 광명 구봉산터널,[11:09:36] 상태 변경: CONGESTION → NORMAL
2026-04-22 11:14:24,4359,[수원광명선] 광명 구봉산터널,[11:09:41] 차선 bootstrap 완료
2026-04-22 11:14:24,4359,[수원광명선] 광명 구봉산터널,[11:09:42] 상태 변경: NORMAL → CONGESTION
2026-04-22 11:14:24,4359,[수원광명선] 광명 구봉산터널,[11:10:43] 상태 변경: CONGESTION → JAM
2026-04-22 11:14:24,4359,[수원광명선] 광명 구봉산터널,[11:10:48] 상태 변경: JAM → CONGESTION
2026-04-22 11:14:27,4406,[수원광명선] 광명 구봉산터널,[11:09:35] 상태 변경: NORMAL → JAM
2026-04-22 11:14:27,4406,[수원광명선] 광명 구봉산터널,[11:09:35] ROI 자동설정 정상 복귀
2026-04-22 11:14:27,4406,[수원광명선] 광명 구봉산터널,[11:09:36] 상태 변경: JAM → CONGESTION
2026-04-22 11:14:27,4406,[수원광명선] 광명 구봉산터널,[11:09:36] 상태 변경: CONGESTION → NORMAL
2026-04-22 11:14:27,4406,[수원광명선] 광명 구봉산터널,[11:09:41] 차선 bootstrap 완료
2026-04-22 11:14:27,4406,[수원광명선] 광명 구봉산터널,[11:09:42] 상태 변경: NORMAL → CONGESTION
2026-04-22 11:14:27,4406,[수원광명선] 광명 구봉산터널,[11:10:43] 상태 변경: CONGESTION → JAM
2026-04-22 11:14:27,4406,[수원광명선] 광명 구봉산터널,[11:10:48] 상태 변경: JAM → CONGESTION
2026-04-22 11:14:30,4456,[수원광명선] 광명 구봉산터널,[11:09:35] 상태 변경: NORMAL → JAM
2026-04-22 11:14:30,4456,[수원광명선] 광명 구봉산터널,[11:09:35] ROI 자동설정 정상 복귀
2026-04-22 11:14:30,4456,[수원광명선] 광명 구봉산터널,[11:09:36] 상태 변경: JAM → CONGESTION
2026-04-22 11:14:30,4456,[수원광명선] 광명 구봉산터널,[11:09:36] 상태 변경: CONGESTION → NORMAL
2026-04-22 11:14:30,4456,[수원광명선] 광명 구봉산터널,[11:09:41] 차선 bootstrap 완료
2026-04-22 11:14:30,4456,[수원광명선] 광명 구봉산터널,[11:09:42] 상태 변경: NORMAL → CONGESTION
2026-04-22 11:14:30,4456,[수원광명선] 광명 구봉산터널,[11:10:43] 상태 변경: CONGESTION → JAM
2026-04-22 11:14:30,4456,[수원광명선] 광명 구봉산터널,[11:10:48] 상태 변경: JAM → CONGESTION
2026-04-22 11:14:34,4498,[수원광명선] 광명 구봉산터널,[11:09:35] 상태 변경: NORMAL → JAM
2026-04-22 11:14:34,4498,[수원광명선] 광명 구봉산터널,[11:09:35] ROI 자동설정 정상 복귀
2026-04-22 11:14:34,4498,[수원광명선] 광명 구봉산터널,[11:09:36] 상태 변경: JAM → CONGESTION
2026-04-22 11:14:34,4498,[수원광명선] 광명 구봉산터널,[11:09:36] 상태 변경: CONGESTION → NORMAL
2026-04-22 11:14:34,4498,[수원광명선] 광명 구봉산터널,[11:09:41] 차선 bootstrap 완료
2026-04-22 11:14:34,4498,[수원광명선] 광명 구봉산터널,[11:09:42] 상태 변경: NORMAL → CONGESTION
2026-04-22 11:14:34,4498,[수원광명선] 광명 구봉산터널,[11:10:43] 상태 변경: CONGESTION → JAM
2026-04-22 11:14:34,4498,[수원광명선] 광명 구봉산터널,[11:10:48] 상태 변경: JAM → CONGESTION
2026-04-22 11:14:37,4546,[수원광명선] 광명 구봉산터널,[11:09:35] 상태 변경: NORMAL → JAM
2026-04-22 11:14:37,4546,[수원광명선] 광명 구봉산터널,[11:09:35] ROI 자동설정 정상 복귀
2026-04-22 11:14:37,4546,[수원광명선] 광명 구봉산터널,[11:09:36] 상태 변경: JAM → CONGESTION
2026-04-22 11:14:37,4546,[수원광명선] 광명 구봉산터널,[11:09:36] 상태 변경: CONGESTION → NORMAL
2026-04-22 11:14:37,4546,[수원광명선] 광명 구봉산터널,[11:09:41] 차선 bootstrap 완료
2026-04-22 11:14:37,4546,[수원광명선] 광명 구봉산터널,[11:09:42] 상태 변경: NORMAL → CONGESTION
2026-04-22 11:14:37,4546,[수원광명선] 광명 구봉산터널,[11:10:43] 상태 변경: CONGESTION → JAM
2026-04-22 11:14:37,4546,[수원광명선] 광명 구봉산터널,[11:10:48] 상태 변경: JAM → CONGESTION
2026-04-22 11:14:40,4588,[수원광명선] 광명 구봉산터널,[11:09:35] 상태 변경: NORMAL → JAM
2026-04-22 11:14:40,4588,[수원광명선] 광명 구봉산터널,[11:09:35] ROI 자동설정 정상 복귀
2026-04-22 11:14:40,4588,[수원광명선] 광명 구봉산터널,[11:09:36] 상태 변경: JAM → CONGESTION
2026-04-22 11:14:40,4588,[수원광명선] 광명 구봉산터널,[11:09:36] 상태 변경: CONGESTION → NORMAL
2026-04-22 11:14:40,4588,[수원광명선] 광명 구봉산터널,[11:09:41] 차선 bootstrap 완료
2026-04-22 11:14:40,4588,[수원광명선] 광명 구봉산터널,[11:09:42] 상태 변경: NORMAL → CONGESTION
2026-04-22 11:14:40,4588,[수원광명선] 광명 구봉산터널,[11:10:43] 상태 변경: CONGESTION → JAM
2026-04-22 11:14:40,4588,[수원광명선] 광명 구봉산터널,[11:10:48] 상태 변경: JAM → CONGESTION
2026-04-22 11:14:43,4633,[수원광명선] 광명 구봉산터널,[11:09:35] 상태 변경: NORMAL → JAM
2026-04-22 11:14:43,4633,[수원광명선] 광명 구봉산터널,[11:09:35] ROI 자동설정 정상 복귀
2026-04-22 11:14:43,4633,[수원광명선] 광명 구봉산터널,[11:09:36] 상태 변경: JAM → CONGESTION
2026-04-22 11:14:43,4633,[수원광명선] 광명 구봉산터널,[11:09:36] 상태 변경: CONGESTION → NORMAL
2026-04-22 11:14:43,4633,[수원광명선] 광명 구봉산터널,[11:09:41] 차선 bootstrap 완료
2026-04-22 11:14:43,4633,[수원광명선] 광명 구봉산터널,[11:09:42] 상태 변경: NORMAL → CONGESTION
2026-04-22 11:14:43,4633,[수원광명선] 광명 구봉산터널,[11:10:43] 상태 변경: CONGESTION → JAM
2026-04-22 11:14:43,4633,[수원광명선] 광명 구봉산터널,[11:10:48] 상태 변경: JAM → CONGESTION
2026-04-22 11:14:46,4677,[수원광명선] 광명 구봉산터널,[11:09:35] 상태 변경: NORMAL → JAM
2026-04-22 11:14:46,4677,[수원광명선] 광명 구봉산터널,[11:09:35] ROI 자동설정 정상 복귀
2026-04-22 11:14:46,4677,[수원광명선] 광명 구봉산터널,[11:09:36] 상태 변경: JAM → CONGESTION
2026-04-22 11:14:46,4677,[수원광명선] 광명 구봉산터널,[11:09:36] 상태 변경: CONGESTION → NORMAL
2026-04-22 11:14:46,4677,[수원광명선] 광명 구봉산터널,[11:09:41] 차선 bootstrap 완료
2026-04-22 11:14:46,4677,[수원광명선] 광명 구봉산터널,[11:09:42] 상태 변경: NORMAL → CONGESTION
2026-04-22 11:14:46,4677,[수원광명선] 광명 구봉산터널,[11:10:43] 상태 변경: CONGESTION → JAM
2026-04-22 11:14:46,4677,[수원광명선] 광명 구봉산터널,[11:10:48] 상태 변경: JAM → CONGESTION
2026-04-22 11:14:49,4717,[수원광명선] 광명 구봉산터널,[11:09:35] 상태 변경: NORMAL → JAM
2026-04-22 11:14:49,4717,[수원광명선] 광명 구봉산터널,[11:09:35] ROI 자동설정 정상 복귀
2026-04-22 11:14:49,4717,[수원광명선] 광명 구봉산터널,[11:09:36] 상태 변경: JAM → CONGESTION
2026-04-22 11:14:49,4717,[수원광명선] 광명 구봉산터널,[11:09:36] 상태 변경: CONGESTION → NORMAL
2026-04-22 11:14:49,4717,[수원광명선] 광명 구봉산터널,[11:09:41] 차선 bootstrap 완료
2026-04-22 11:14:49,4717,[수원광명선] 광명 구봉산터널,[11:09:42] 상태 변경: NORMAL → CONGESTION
2026-04-22 11:14:49,4717,[수원광명선] 광명 구봉산터널,[11:10:43] 상태 변경: CONGESTION → JAM
2026-04-22 11:14:49,4717,[수원광명선] 광명 구봉산터널,[11:10:48] 상태 변경: JAM → CONGESTION
2026-04-22 11:14:53,4755,[수원광명선] 광명 구봉산터널,[11:09:35] 상태 변경: NORMAL → JAM
2026-04-22 11:14:53,4755,[수원광명선] 광명 구봉산터널,[11:09:35] ROI 자동설정 정상 복귀
2026-04-22 11:14:53,4755,[수원광명선] 광명 구봉산터널,[11:09:36] 상태 변경: JAM → CONGESTION
2026-04-22 11:14:53,4755,[수원광명선] 광명 구봉산터널,[11:09:36] 상태 변경: CONGESTION → NORMAL
2026-04-22 11:14:53,4755,[수원광명선] 광명 구봉산터널,[11:09:41] 차선 bootstrap 완료
2026-04-22 11:14:53,4755,[수원광명선] 광명 구봉산터널,[11:09:42] 상태 변경: NORMAL → CONGESTION
2026-04-22 11:14:53,4755,[수원광명선] 광명 구봉산터널,[11:10:43] 상태 변경: CONGESTION → JAM
2026-04-22 11:14:53,4755,[수원광명선] 광명 구봉산터널,[11:10:48] 상태 변경: JAM → CONGESTION
2026-04-22 11:14:56,4801,[수원광명선] 광명 구봉산터널,[11:09:35] 상태 변경: NORMAL → JAM
2026-04-22 11:14:56,4801,[수원광명선] 광명 구봉산터널,[11:09:35] ROI 자동설정 정상 복귀
2026-04-22 11:14:56,4801,[수원광명선] 광명 구봉산터널,[11:09:36] 상태 변경: JAM → CONGESTION
2026-04-22 11:14:56,4801,[수원광명선] 광명 구봉산터널,[11:09:36] 상태 변경: CONGESTION → NORMAL
2026-04-22 11:14:56,4801,[수원광명선] 광명 구봉산터널,[11:09:41] 차선 bootstrap 완료
2026-04-22 11:14:56,4801,[수원광명선] 광명 구봉산터널,[11:09:42] 상태 변경: NORMAL → CONGESTION
2026-04-22 11:14:56,4801,[수원광명선] 광명 구봉산터널,[11:10:43] 상태 변경: CONGESTION → JAM
2026-04-22 11:14:56,4801,[수원광명선] 광명 구봉산터널,[11:10:48] 상태 변경: JAM → CONGESTION
2026-04-22 11:14:59,4845,[수원광명선] 광명 구봉산터널,[11:09:35] 상태 변경: NORMAL → JAM
2026-04-22 11:14:59,4845,[수원광명선] 광명 구봉산터널,[11:09:35] ROI 자동설정 정상 복귀
2026-04-22 11:14:59,4845,[수원광명선] 광명 구봉산터널,[11:09:36] 상태 변경: JAM → CONGESTION
2026-04-22 11:14:59,4845,[수원광명선] 광명 구봉산터널,[11:09:36] 상태 변경: CONGESTION → NORMAL
2026-04-22 11:14:59,4845,[수원광명선] 광명 구봉산터널,[11:09:41] 차선 bootstrap 완료
2026-04-22 11:14:59,4845,[수원광명선] 광명 구봉산터널,[11:09:42] 상태 변경: NORMAL → CONGESTION
2026-04-22 11:14:59,4845,[수원광명선] 광명 구봉산터널,[11:10:43] 상태 변경: CONGESTION → JAM
2026-04-22 11:14:59,4845,[수원광명선] 광명 구봉산터널,[11:10:48] 상태 변경: JAM → CONGESTION
2026-04-22 11:15:02,4882,[수원광명선] 광명 구봉산터널,[11:09:35] 상태 변경: NORMAL → JAM
2026-04-22 11:15:02,4882,[수원광명선] 광명 구봉산터널,[11:09:35] ROI 자동설정 정상 복귀
2026-04-22 11:15:02,4882,[수원광명선] 광명 구봉산터널,[11:09:36] 상태 변경: JAM → CONGESTION
2026-04-22 11:15:02,4882,[수원광명선] 광명 구봉산터널,[11:09:36] 상태 변경: CONGESTION → NORMAL
2026-04-22 11:15:02,4882,[수원광명선] 광명 구봉산터널,[11:09:41] 차선 bootstrap 완료
2026-04-22 11:15:02,4882,[수원광명선] 광명 구봉산터널,[11:09:42] 상태 변경: NORMAL → CONGESTION
2026-04-22 11:15:02,4882,[수원광명선] 광명 구봉산터널,[11:10:43] 상태 변경: CONGESTION → JAM
2026-04-22 11:15:02,4882,[수원광명선] 광명 구봉산터널,[11:10:48] 상태 변경: JAM → CONGESTION
2026-04-22 11:15:05,4920,[수원광명선] 광명 구봉산터널,[11:09:35] 상태 변경: NORMAL → JAM
2026-04-22 11:15:05,4920,[수원광명선] 광명 구봉산터널,[11:09:35] ROI 자동설정 정상 복귀
2026-04-22 11:15:05,4920,[수원광명선] 광명 구봉산터널,[11:09:36] 상태 변경: JAM → CONGESTION
2026-04-22 11:15:05,4920,[수원광명선] 광명 구봉산터널,[11:09:36] 상태 변경: CONGESTION → NORMAL
2026-04-22 11:15:05,4920,[수원광명선] 광명 구봉산터널,[11:09:41] 차선 bootstrap 완료
2026-04-22 11:15:05,4920,[수원광명선] 광명 구봉산터널,[11:09:42] 상태 변경: NORMAL → CONGESTION
2026-04-22 11:15:05,4920,[수원광명선] 광명 구봉산터널,[11:10:43] 상태 변경: CONGESTION → JAM
2026-04-22 11:15:05,4920,[수원광명선] 광명 구봉산터널,[11:10:48] 상태 변경: JAM → CONGESTION
2026-04-22 11:15:09,4956,[수원광명선] 광명 구봉산터널,[11:09:35] 상태 변경: NORMAL → JAM
2026-04-22 11:15:09,4956,[수원광명선] 광명 구봉산터널,[11:09:35] ROI 자동설정 정상 복귀
2026-04-22 11:15:09,4956,[수원광명선] 광명 구봉산터널,[11:09:36] 상태 변경: JAM → CONGESTION
2026-04-22 11:15:09,4956,[수원광명선] 광명 구봉산터널,[11:09:36] 상태 변경: CONGESTION → NORMAL
2026-04-22 11:15:09,4956,[수원광명선] 광명 구봉산터널,[11:09:41] 차선 bootstrap 완료
2026-04-22 11:15:09,4956,[수원광명선] 광명 구봉산터널,[11:09:42] 상태 변경: NORMAL → CONGESTION
2026-04-22 11:15:09,4956,[수원광명선] 광명 구봉산터널,[11:10:43] 상태 변경: CONGESTION → JAM
2026-04-22 11:15:09,4956,[수원광명선] 광명 구봉산터널,[11:10:48] 상태 변경: JAM → CONGESTION
2026-04-22 11:15:12,4994,[수원광명선] 광명 구봉산터널,[11:09:35] 상태 변경: NORMAL → JAM
2026-04-22 11:15:12,4994,[수원광명선] 광명 구봉산터널,[11:09:35] ROI 자동설정 정상 복귀
2026-04-22 11:15:12,4994,[수원광명선] 광명 구봉산터널,[11:09:36] 상태 변경: JAM → CONGESTION
2026-04-22 11:15:12,4994,[수원광명선] 광명 구봉산터널,[11:09:36] 상태 변경: CONGESTION → NORMAL
2026-04-22 11:15:12,4994,[수원광명선] 광명 구봉산터널,[11:09:41] 차선 bootstrap 완료
2026-04-22 11:15:12,4994,[수원광명선] 광명 구봉산터널,[11:09:42] 상태 변경: NORMAL → CONGESTION
2026-04-22 11:15:12,4994,[수원광명선] 광명 구봉산터널,[11:10:43] 상태 변경: CONGESTION → JAM
2026-04-22 11:15:12,4994,[수원광명선] 광명 구봉산터널,[11:10:48] 상태 변경: JAM → CONGESTION
2026-04-22 11:15:15,5035,[수원광명선] 광명 구봉산터널,[11:09:35] 상태 변경: NORMAL → JAM
2026-04-22 11:15:15,5035,[수원광명선] 광명 구봉산터널,[11:09:35] ROI 자동설정 정상 복귀
2026-04-22 11:15:15,5035,[수원광명선] 광명 구봉산터널,[11:09:36] 상태 변경: JAM → CONGESTION
2026-04-22 11:15:15,5035,[수원광명선] 광명 구봉산터널,[11:09:36] 상태 변경: CONGESTION → NORMAL
2026-04-22 11:15:15,5035,[수원광명선] 광명 구봉산터널,[11:09:41] 차선 bootstrap 완료
2026-04-22 11:15:15,5035,[수원광명선] 광명 구봉산터널,[11:09:42] 상태 변경: NORMAL → CONGESTION
2026-04-22 11:15:15,5035,[수원광명선] 광명 구봉산터널,[11:10:43] 상태 변경: CONGESTION → JAM
2026-04-22 11:15:15,5035,[수원광명선] 광명 구봉산터널,[11:10:48] 상태 변경: JAM → CONGESTION
2026-04-22 11:15:18,5078,[수원광명선] 광명 구봉산터널,[11:09:35] 상태 변경: NORMAL → JAM
2026-04-22 11:15:18,5078,[수원광명선] 광명 구봉산터널,[11:09:35] ROI 자동설정 정상 복귀
2026-04-22 11:15:18,5078,[수원광명선] 광명 구봉산터널,[11:09:36] 상태 변경: JAM → CONGESTION
2026-04-22 11:15:18,5078,[수원광명선] 광명 구봉산터널,[11:09:36] 상태 변경: CONGESTION → NORMAL
2026-04-22 11:15:18,5078,[수원광명선] 광명 구봉산터널,[11:09:41] 차선 bootstrap 완료
2026-04-22 11:15:18,5078,[수원광명선] 광명 구봉산터널,[11:09:42] 상태 변경: NORMAL → CONGESTION
2026-04-22 11:15:18,5078,[수원광명선] 광명 구봉산터널,[11:10:43] 상태 변경: CONGESTION → JAM
2026-04-22 11:15:18,5078,[수원광명선] 광명 구봉산터널,[11:10:48] 상태 변경: JAM → CONGESTION
2026-04-22 11:15:21,5121,[수원광명선] 광명 구봉산터널,[11:09:35] 상태 변경: NORMAL → JAM
2026-04-22 11:15:21,5121,[수원광명선] 광명 구봉산터널,[11:09:35] ROI 자동설정 정상 복귀
2026-04-22 11:15:21,5121,[수원광명선] 광명 구봉산터널,[11:09:36] 상태 변경: JAM → CONGESTION
2026-04-22 11:15:21,5121,[수원광명선] 광명 구봉산터널,[11:09:36] 상태 변경: CONGESTION → NORMAL
2026-04-22 11:15:21,5121,[수원광명선] 광명 구봉산터널,[11:09:41] 차선 bootstrap 완료
2026-04-22 11:15:21,5121,[수원광명선] 광명 구봉산터널,[11:09:42] 상태 변경: NORMAL → CONGESTION
2026-04-22 11:15:21,5121,[수원광명선] 광명 구봉산터널,[11:10:43] 상태 변경: CONGESTION → JAM
2026-04-22 11:15:21,5121,[수원광명선] 광명 구봉산터널,[11:10:48] 상태 변경: JAM → CONGESTION
2026-04-22 11:15:25,5160,[수원광명선] 광명 구봉산터널,[11:09:35] 상태 변경: NORMAL → JAM
2026-04-22 11:15:25,5160,[수원광명선] 광명 구봉산터널,[11:09:35] ROI 자동설정 정상 복귀
2026-04-22 11:15:25,5160,[수원광명선] 광명 구봉산터널,[11:09:36] 상태 변경: JAM → CONGESTION
2026-04-22 11:15:25,5160,[수원광명선] 광명 구봉산터널,[11:09:36] 상태 변경: CONGESTION → NORMAL
2026-04-22 11:15:25,5160,[수원광명선] 광명 구봉산터널,[11:09:41] 차선 bootstrap 완료
2026-04-22 11:15:25,5160,[수원광명선] 광명 구봉산터널,[11:09:42] 상태 변경: NORMAL → CONGESTION
2026-04-22 11:15:25,5160,[수원광명선] 광명 구봉산터널,[11:10:43] 상태 변경: CONGESTION → JAM
2026-04-22 11:15:25,5160,[수원광명선] 광명 구봉산터널,[11:10:48] 상태 변경: JAM → CONGESTION
2026-04-22 11:15:28,5201,[수원광명선] 광명 구봉산터널,[11:09:35] 상태 변경: NORMAL → JAM
2026-04-22 11:15:28,5201,[수원광명선] 광명 구봉산터널,[11:09:35] ROI 자동설정 정상 복귀
2026-04-22 11:15:28,5201,[수원광명선] 광명 구봉산터널,[11:09:36] 상태 변경: JAM → CONGESTION
2026-04-22 11:15:28,5201,[수원광명선] 광명 구봉산터널,[11:09:36] 상태 변경: CONGESTION → NORMAL
2026-04-22 11:15:28,5201,[수원광명선] 광명 구봉산터널,[11:09:41] 차선 bootstrap 완료
2026-04-22 11:15:28,5201,[수원광명선] 광명 구봉산터널,[11:09:42] 상태 변경: NORMAL → CONGESTION
2026-04-22 11:15:28,5201,[수원광명선] 광명 구봉산터널,[11:10:43] 상태 변경: CONGESTION → JAM
2026-04-22 11:15:28,5201,[수원광명선] 광명 구봉산터널,[11:10:48] 상태 변경: JAM → CONGESTION
2026-04-22 11:15:31,5243,[수원광명선] 광명 구봉산터널,[11:09:35] 상태 변경: NORMAL → JAM
2026-04-22 11:15:31,5243,[수원광명선] 광명 구봉산터널,[11:09:35] ROI 자동설정 정상 복귀
2026-04-22 11:15:31,5243,[수원광명선] 광명 구봉산터널,[11:09:36] 상태 변경: JAM → CONGESTION
2026-04-22 11:15:31,5243,[수원광명선] 광명 구봉산터널,[11:09:36] 상태 변경: CONGESTION → NORMAL
2026-04-22 11:15:31,5243,[수원광명선] 광명 구봉산터널,[11:09:41] 차선 bootstrap 완료
2026-04-22 11:15:31,5243,[수원광명선] 광명 구봉산터널,[11:09:42] 상태 변경: NORMAL → CONGESTION
2026-04-22 11:15:31,5243,[수원광명선] 광명 구봉산터널,[11:10:43] 상태 변경: CONGESTION → JAM
2026-04-22 11:15:31,5243,[수원광명선] 광명 구봉산터널,[11:10:48] 상태 변경: JAM → CONGESTION
2026-04-22 11:15:35,5280,[수원광명선] 광명 구봉산터널,[11:09:35] 상태 변경: NORMAL → JAM
2026-04-22 11:15:35,5280,[수원광명선] 광명 구봉산터널,[11:09:35] ROI 자동설정 정상 복귀
2026-04-22 11:15:35,5280,[수원광명선] 광명 구봉산터널,[11:09:36] 상태 변경: JAM → CONGESTION
2026-04-22 11:15:35,5280,[수원광명선] 광명 구봉산터널,[11:09:36] 상태 변경: CONGESTION → NORMAL
2026-04-22 11:15:35,5280,[수원광명선] 광명 구봉산터널,[11:09:41] 차선 bootstrap 완료
2026-04-22 11:15:35,5280,[수원광명선] 광명 구봉산터널,[11:09:42] 상태 변경: NORMAL → CONGESTION
2026-04-22 11:15:35,5280,[수원광명선] 광명 구봉산터널,[11:10:43] 상태 변경: CONGESTION → JAM
2026-04-22 11:15:35,5280,[수원광명선] 광명 구봉산터널,[11:10:48] 상태 변경: JAM → CONGESTION
2026-04-22 11:15:38,5316,[수원광명선] 광명 구봉산터널,[11:09:35] 상태 변경: NORMAL → JAM
2026-04-22 11:15:38,5316,[수원광명선] 광명 구봉산터널,[11:09:35] ROI 자동설정 정상 복귀
2026-04-22 11:15:38,5316,[수원광명선] 광명 구봉산터널,[11:09:36] 상태 변경: JAM → CONGESTION
2026-04-22 11:15:38,5316,[수원광명선] 광명 구봉산터널,[11:09:36] 상태 변경: CONGESTION → NORMAL
2026-04-22 11:15:38,5316,[수원광명선] 광명 구봉산터널,[11:09:41] 차선 bootstrap 완료
2026-04-22 11:15:38,5316,[수원광명선] 광명 구봉산터널,[11:09:42] 상태 변경: NORMAL → CONGESTION
2026-04-22 11:15:38,5316,[수원광명선] 광명 구봉산터널,[11:10:43] 상태 변경: CONGESTION → JAM
2026-04-22 11:15:38,5316,[수원광명선] 광명 구봉산터널,[11:10:48] 상태 변경: JAM → CONGESTION
2026-04-22 11:15:41,5360,[수원광명선] 광명 구봉산터널,[11:09:35] 상태 변경: NORMAL → JAM
2026-04-22 11:15:41,5360,[수원광명선] 광명 구봉산터널,[11:09:35] ROI 자동설정 정상 복귀
2026-04-22 11:15:41,5360,[수원광명선] 광명 구봉산터널,[11:09:36] 상태 변경: JAM → CONGESTION
2026-04-22 11:15:41,5360,[수원광명선] 광명 구봉산터널,[11:09:36] 상태 변경: CONGESTION → NORMAL
2026-04-22 11:15:41,5360,[수원광명선] 광명 구봉산터널,[11:09:41] 차선 bootstrap 완료
2026-04-22 11:15:41,5360,[수원광명선] 광명 구봉산터널,[11:09:42] 상태 변경: NORMAL → CONGESTION
2026-04-22 11:15:41,5360,[수원광명선] 광명 구봉산터널,[11:10:43] 상태 변경: CONGESTION → JAM
2026-04-22 11:15:41,5360,[수원광명선] 광명 구봉산터널,[11:10:48] 상태 변경: JAM → CONGESTION
2026-04-22 11:15:44,5398,[수원광명선] 광명 구봉산터널,[11:09:35] 상태 변경: NORMAL → JAM
2026-04-22 11:15:44,5398,[수원광명선] 광명 구봉산터널,[11:09:35] ROI 자동설정 정상 복귀
2026-04-22 11:15:44,5398,[수원광명선] 광명 구봉산터널,[11:09:36] 상태 변경: JAM → CONGESTION
2026-04-22 11:15:44,5398,[수원광명선] 광명 구봉산터널,[11:09:36] 상태 변경: CONGESTION → NORMAL
2026-04-22 11:15:44,5398,[수원광명선] 광명 구봉산터널,[11:09:41] 차선 bootstrap 완료
2026-04-22 11:15:44,5398,[수원광명선] 광명 구봉산터널,[11:09:42] 상태 변경: NORMAL → CONGESTION
2026-04-22 11:15:44,5398,[수원광명선] 광명 구봉산터널,[11:10:43] 상태 변경: CONGESTION → JAM
2026-04-22 11:15:44,5398,[수원광명선] 광명 구봉산터널,[11:10:48] 상태 변경: JAM → CONGESTION
2026-04-22 11:15:47,5435,[수원광명선] 광명 구봉산터널,[11:09:35] 상태 변경: NORMAL → JAM
2026-04-22 11:15:47,5435,[수원광명선] 광명 구봉산터널,[11:09:35] ROI 자동설정 정상 복귀
2026-04-22 11:15:47,5435,[수원광명선] 광명 구봉산터널,[11:09:36] 상태 변경: JAM → CONGESTION
2026-04-22 11:15:47,5435,[수원광명선] 광명 구봉산터널,[11:09:36] 상태 변경: CONGESTION → NORMAL
2026-04-22 11:15:47,5435,[수원광명선] 광명 구봉산터널,[11:09:41] 차선 bootstrap 완료
2026-04-22 11:15:47,5435,[수원광명선] 광명 구봉산터널,[11:09:42] 상태 변경: NORMAL → CONGESTION
2026-04-22 11:15:47,5435,[수원광명선] 광명 구봉산터널,[11:10:43] 상태 변경: CONGESTION → JAM
2026-04-22 11:15:47,5435,[수원광명선] 광명 구봉산터널,[11:10:48] 상태 변경: JAM → CONGESTION
2026-04-22 11:15:50,5473,[수원광명선] 광명 구봉산터널,[11:09:35] 상태 변경: NORMAL → JAM
2026-04-22 11:15:50,5473,[수원광명선] 광명 구봉산터널,[11:09:35] ROI 자동설정 정상 복귀
2026-04-22 11:15:50,5473,[수원광명선] 광명 구봉산터널,[11:09:36] 상태 변경: JAM → CONGESTION
2026-04-22 11:15:50,5473,[수원광명선] 광명 구봉산터널,[11:09:36] 상태 변경: CONGESTION → NORMAL
2026-04-22 11:15:50,5473,[수원광명선] 광명 구봉산터널,[11:09:41] 차선 bootstrap 완료
2026-04-22 11:15:50,5473,[수원광명선] 광명 구봉산터널,[11:09:42] 상태 변경: NORMAL → CONGESTION
2026-04-22 11:15:50,5473,[수원광명선] 광명 구봉산터널,[11:10:43] 상태 변경: CONGESTION → JAM
2026-04-22 11:15:50,5473,[수원광명선] 광명 구봉산터널,[11:10:48] 상태 변경: JAM → CONGESTION
2026-04-22 11:15:53,5511,[수원광명선] 광명 구봉산터널,[11:09:35] 상태 변경: NORMAL → JAM
2026-04-22 11:15:53,5511,[수원광명선] 광명 구봉산터널,[11:09:35] ROI 자동설정 정상 복귀
2026-04-22 11:15:53,5511,[수원광명선] 광명 구봉산터널,[11:09:36] 상태 변경: JAM → CONGESTION
2026-04-22 11:15:53,5511,[수원광명선] 광명 구봉산터널,[11:09:36] 상태 변경: CONGESTION → NORMAL
2026-04-22 11:15:53,5511,[수원광명선] 광명 구봉산터널,[11:09:41] 차선 bootstrap 완료
2026-04-22 11:15:53,5511,[수원광명선] 광명 구봉산터널,[11:09:42] 상태 변경: NORMAL → CONGESTION
2026-04-22 11:15:53,5511,[수원광명선] 광명 구봉산터널,[11:10:43] 상태 변경: CONGESTION → JAM
2026-04-22 11:15:53,5511,[수원광명선] 광명 구봉산터널,[11:10:48] 상태 변경: JAM → CONGESTION
2026-04-22 11:15:57,5548,[수원광명선] 광명 구봉산터널,[11:09:35] 상태 변경: NORMAL → JAM
2026-04-22 11:15:57,5548,[수원광명선] 광명 구봉산터널,[11:09:35] ROI 자동설정 정상 복귀
2026-04-22 11:15:57,5548,[수원광명선] 광명 구봉산터널,[11:09:36] 상태 변경: JAM → CONGESTION
2026-04-22 11:15:57,5548,[수원광명선] 광명 구봉산터널,[11:09:36] 상태 변경: CONGESTION → NORMAL
2026-04-22 11:15:57,5548,[수원광명선] 광명 구봉산터널,[11:09:41] 차선 bootstrap 완료
2026-04-22 11:15:57,5548,[수원광명선] 광명 구봉산터널,[11:09:42] 상태 변경: NORMAL → CONGESTION
2026-04-22 11:15:57,5548,[수원광명선] 광명 구봉산터널,[11:10:43] 상태 변경: CONGESTION → JAM
2026-04-22 11:15:57,5548,[수원광명선] 광명 구봉산터널,[11:10:48] 상태 변경: JAM → CONGESTION
2026-04-22 11:16:00,5580,[수원광명선] 광명 구봉산터널,[11:09:35] 상태 변경: NORMAL → JAM
2026-04-22 11:16:00,5580,[수원광명선] 광명 구봉산터널,[11:09:35] ROI 자동설정 정상 복귀
2026-04-22 11:16:00,5580,[수원광명선] 광명 구봉산터널,[11:09:36] 상태 변경: JAM → CONGESTION
2026-04-22 11:16:00,5580,[수원광명선] 광명 구봉산터널,[11:09:36] 상태 변경: CONGESTION → NORMAL
2026-04-22 11:16:00,5580,[수원광명선] 광명 구봉산터널,[11:09:41] 차선 bootstrap 완료
2026-04-22 11:16:00,5580,[수원광명선] 광명 구봉산터널,[11:09:42] 상태 변경: NORMAL → CONGESTION
2026-04-22 11:16:00,5580,[수원광명선] 광명 구봉산터널,[11:10:43] 상태 변경: CONGESTION → JAM
2026-04-22 11:16:00,5580,[수원광명선] 광명 구봉산터널,[11:10:48] 상태 변경: JAM → CONGESTION
2026-04-22 11:16:03,5613,[수원광명선] 광명 구봉산터널,[11:09:35] 상태 변경: NORMAL → JAM
2026-04-22 11:16:03,5613,[수원광명선] 광명 구봉산터널,[11:09:35] ROI 자동설정 정상 복귀
2026-04-22 11:16:03,5613,[수원광명선] 광명 구봉산터널,[11:09:36] 상태 변경: JAM → CONGESTION
2026-04-22 11:16:03,5613,[수원광명선] 광명 구봉산터널,[11:09:36] 상태 변경: CONGESTION → NORMAL
2026-04-22 11:16:03,5613,[수원광명선] 광명 구봉산터널,[11:09:41] 차선 bootstrap 완료
2026-04-22 11:16:03,5613,[수원광명선] 광명 구봉산터널,[11:09:42] 상태 변경: NORMAL → CONGESTION
2026-04-22 11:16:03,5613,[수원광명선] 광명 구봉산터널,[11:10:43] 상태 변경: CONGESTION → JAM
2026-04-22 11:16:03,5613,[수원광명선] 광명 구봉산터널,[11:10:48] 상태 변경: JAM → CONGESTION
2026-04-22 11:16:06,5651,[수원광명선] 광명 구봉산터널,[11:09:35] 상태 변경: NORMAL → JAM
2026-04-22 11:16:06,5651,[수원광명선] 광명 구봉산터널,[11:09:35] ROI 자동설정 정상 복귀
2026-04-22 11:16:06,5651,[수원광명선] 광명 구봉산터널,[11:09:36] 상태 변경: JAM → CONGESTION
2026-04-22 11:16:06,5651,[수원광명선] 광명 구봉산터널,[11:09:36] 상태 변경: CONGESTION → NORMAL
2026-04-22 11:16:06,5651,[수원광명선] 광명 구봉산터널,[11:09:41] 차선 bootstrap 완료
2026-04-22 11:16:06,5651,[수원광명선] 광명 구봉산터널,[11:09:42] 상태 변경: NORMAL → CONGESTION
2026-04-22 11:16:06,5651,[수원광명선] 광명 구봉산터널,[11:10:43] 상태 변경: CONGESTION → JAM
2026-04-22 11:16:06,5651,[수원광명선] 광명 구봉산터널,[11:10:48] 상태 변경: JAM → CONGESTION
2026-04-22 11:16:06,5651,[수원광명선] 광명 구봉산터널,[11:16:07] 상태 변경: CONGESTION → JAM
2026-04-22 11:16:09,5695,[수원광명선] 광명 구봉산터널,[11:09:35] 상태 변경: NORMAL → JAM
2026-04-22 11:16:09,5695,[수원광명선] 광명 구봉산터널,[11:09:35] ROI 자동설정 정상 복귀
2026-04-22 11:16:09,5695,[수원광명선] 광명 구봉산터널,[11:09:36] 상태 변경: JAM → CONGESTION
2026-04-22 11:16:09,5695,[수원광명선] 광명 구봉산터널,[11:09:36] 상태 변경: CONGESTION → NORMAL
2026-04-22 11:16:09,5695,[수원광명선] 광명 구봉산터널,[11:09:41] 차선 bootstrap 완료
2026-04-22 11:16:09,5695,[수원광명선] 광명 구봉산터널,[11:09:42] 상태 변경: NORMAL → CONGESTION
2026-04-22 11:16:09,5695,[수원광명선] 광명 구봉산터널,[11:10:43] 상태 변경: CONGESTION → JAM
2026-04-22 11:16:09,5695,[수원광명선] 광명 구봉산터널,[11:10:48] 상태 변경: JAM → CONGESTION
2026-04-22 11:16:09,5695,[수원광명선] 광명 구봉산터널,[11:16:07] 상태 변경: CONGESTION → JAM
2026-04-22 11:16:13,5732,[수원광명선] 광명 구봉산터널,[11:09:35] 상태 변경: NORMAL → JAM
2026-04-22 11:16:13,5732,[수원광명선] 광명 구봉산터널,[11:09:35] ROI 자동설정 정상 복귀
2026-04-22 11:16:13,5732,[수원광명선] 광명 구봉산터널,[11:09:36] 상태 변경: JAM → CONGESTION
2026-04-22 11:16:13,5732,[수원광명선] 광명 구봉산터널,[11:09:36] 상태 변경: CONGESTION → NORMAL
2026-04-22 11:16:13,5732,[수원광명선] 광명 구봉산터널,[11:09:41] 차선 bootstrap 완료
2026-04-22 11:16:13,5732,[수원광명선] 광명 구봉산터널,[11:09:42] 상태 변경: NORMAL → CONGESTION
2026-04-22 11:16:13,5732,[수원광명선] 광명 구봉산터널,[11:10:43] 상태 변경: CONGESTION → JAM
2026-04-22 11:16:13,5732,[수원광명선] 광명 구봉산터널,[11:10:48] 상태 변경: JAM → CONGESTION
2026-04-22 11:16:13,5732,[수원광명선] 광명 구봉산터널,[11:16:07] 상태 변경: CONGESTION → JAM
2026-04-22 11:16:16,5771,[수원광명선] 광명 구봉산터널,[11:09:35] 상태 변경: NORMAL → JAM
2026-04-22 11:16:16,5771,[수원광명선] 광명 구봉산터널,[11:09:35] ROI 자동설정 정상 복귀
2026-04-22 11:16:16,5771,[수원광명선] 광명 구봉산터널,[11:09:36] 상태 변경: JAM → CONGESTION
2026-04-22 11:16:16,5771,[수원광명선] 광명 구봉산터널,[11:09:36] 상태 변경: CONGESTION → NORMAL
2026-04-22 11:16:16,5771,[수원광명선] 광명 구봉산터널,[11:09:41] 차선 bootstrap 완료
2026-04-22 11:16:16,5771,[수원광명선] 광명 구봉산터널,[11:09:42] 상태 변경: NORMAL → CONGESTION
2026-04-22 11:16:16,5771,[수원광명선] 광명 구봉산터널,[11:10:43] 상태 변경: CONGESTION → JAM
2026-04-22 11:16:16,5771,[수원광명선] 광명 구봉산터널,[11:10:48] 상태 변경: JAM → CONGESTION
2026-04-22 11:16:16,5771,[수원광명선] 광명 구봉산터널,[11:16:07] 상태 변경: CONGESTION → JAM
2026-04-22 11:16:19,5809,[수원광명선] 광명 구봉산터널,[11:09:35] 상태 변경: NORMAL → JAM
2026-04-22 11:16:19,5809,[수원광명선] 광명 구봉산터널,[11:09:35] ROI 자동설정 정상 복귀
2026-04-22 11:16:19,5809,[수원광명선] 광명 구봉산터널,[11:09:36] 상태 변경: JAM → CONGESTION
2026-04-22 11:16:19,5809,[수원광명선] 광명 구봉산터널,[11:09:36] 상태 변경: CONGESTION → NORMAL
2026-04-22 11:16:19,5809,[수원광명선] 광명 구봉산터널,[11:09:41] 차선 bootstrap 완료
2026-04-22 11:16:19,5809,[수원광명선] 광명 구봉산터널,[11:09:42] 상태 변경: NORMAL → CONGESTION
2026-04-22 11:16:19,5809,[수원광명선] 광명 구봉산터널,[11:10:43] 상태 변경: CONGESTION → JAM
2026-04-22 11:16:19,5809,[수원광명선] 광명 구봉산터널,[11:10:48] 상태 변경: JAM → CONGESTION
2026-04-22 11:16:19,5809,[수원광명선] 광명 구봉산터널,[11:16:07] 상태 변경: CONGESTION → JAM
2026-04-22 11:16:22,5846,[수원광명선] 광명 구봉산터널,[11:09:35] 상태 변경: NORMAL → JAM
2026-04-22 11:16:22,5846,[수원광명선] 광명 구봉산터널,[11:09:35] ROI 자동설정 정상 복귀
2026-04-22 11:16:22,5846,[수원광명선] 광명 구봉산터널,[11:09:36] 상태 변경: JAM → CONGESTION
2026-04-22 11:16:22,5846,[수원광명선] 광명 구봉산터널,[11:09:36] 상태 변경: CONGESTION → NORMAL
2026-04-22 11:16:22,5846,[수원광명선] 광명 구봉산터널,[11:09:41] 차선 bootstrap 완료
2026-04-22 11:16:22,5846,[수원광명선] 광명 구봉산터널,[11:09:42] 상태 변경: NORMAL → CONGESTION
2026-04-22 11:16:22,5846,[수원광명선] 광명 구봉산터널,[11:10:43] 상태 변경: CONGESTION → JAM
2026-04-22 11:16:22,5846,[수원광명선] 광명 구봉산터널,[11:10:48] 상태 변경: JAM → CONGESTION
2026-04-22 11:16:22,5846,[수원광명선] 광명 구봉산터널,[11:16:07] 상태 변경: CONGESTION → JAM
2026-04-22 11:16:22,5846,[수원광명선] 광명 구봉산터널,[11:16:23] 상태 변경: JAM → CONGESTION
2026-04-22 11:16:25,5885,[수원광명선] 광명 구봉산터널,[11:09:35] 상태 변경: NORMAL → JAM
2026-04-22 11:16:25,5885,[수원광명선] 광명 구봉산터널,[11:09:35] ROI 자동설정 정상 복귀
2026-04-22 11:16:25,5885,[수원광명선] 광명 구봉산터널,[11:09:36] 상태 변경: JAM → CONGESTION
2026-04-22 11:16:25,5885,[수원광명선] 광명 구봉산터널,[11:09:36] 상태 변경: CONGESTION → NORMAL
2026-04-22 11:16:25,5885,[수원광명선] 광명 구봉산터널,[11:09:41] 차선 bootstrap 완료
2026-04-22 11:16:25,5885,[수원광명선] 광명 구봉산터널,[11:09:42] 상태 변경: NORMAL → CONGESTION
2026-04-22 11:16:25,5885,[수원광명선] 광명 구봉산터널,[11:10:43] 상태 변경: CONGESTION → JAM
2026-04-22 11:16:25,5885,[수원광명선] 광명 구봉산터널,[11:10:48] 상태 변경: JAM → CONGESTION
2026-04-22 11:16:25,5885,[수원광명선] 광명 구봉산터널,[11:16:07] 상태 변경: CONGESTION → JAM
2026-04-22 11:16:25,5885,[수원광명선] 광명 구봉산터널,[11:16:23] 상태 변경: JAM → CONGESTION
2026-04-22 11:16:28,5897,[수원광명선] 광명 구봉산터널,[11:09:35] 상태 변경: NORMAL → JAM
2026-04-22 11:16:28,5897,[수원광명선] 광명 구봉산터널,[11:09:35] ROI 자동설정 정상 복귀
2026-04-22 11:16:28,5897,[수원광명선] 광명 구봉산터널,[11:09:36] 상태 변경: JAM → CONGESTION
2026-04-22 11:16:28,5897,[수원광명선] 광명 구봉산터널,[11:09:36] 상태 변경: CONGESTION → NORMAL
2026-04-22 11:16:28,5897,[수원광명선] 광명 구봉산터널,[11:09:41] 차선 bootstrap 완료
2026-04-22 11:16:28,5897,[수원광명선] 광명 구봉산터널,[11:09:42] 상태 변경: NORMAL → CONGESTION
2026-04-22 11:16:28,5897,[수원광명선] 광명 구봉산터널,[11:10:43] 상태 변경: CONGESTION → JAM
2026-04-22 11:16:28,5897,[수원광명선] 광명 구봉산터널,[11:10:48] 상태 변경: JAM → CONGESTION
2026-04-22 11:16:28,5897,[수원광명선] 광명 구봉산터널,[11:16:07] 상태 변경: CONGESTION → JAM
2026-04-22 11:16:28,5897,[수원광명선] 광명 구봉산터널,[11:16:23] 상태 변경: JAM → CONGESTION
2026-04-22 11:16:32,27,[수도권제2순환선(봉담동탄)] 필봉산터널(동탄),[11:16:32] ROI 자동설정 정상 복귀
2026-04-22 11:16:32,27,[수도권제2순환선(봉담동탄)] 필봉산터널(동탄),[11:16:32] 상태 변경: NORMAL → JAM
2026-04-22 11:16:35,72,[수도권제2순환선(봉담동탄)] 필봉산터널(동탄),[11:16:32] ROI 자동설정 정상 복귀
2026-04-22 11:16:35,72,[수도권제2순환선(봉담동탄)] 필봉산터널(동탄),[11:16:32] 상태 변경: NORMAL → JAM
2026-04-22 11:16:38,105,[수도권제2순환선(봉담동탄)] 필봉산터널(동탄),[11:16:32] ROI 자동설정 정상 복귀
2026-04-22 11:16:38,105,[수도권제2순환선(봉담동탄)] 필봉산터널(동탄),[11:16:32] 상태 변경: NORMAL → JAM
2026-04-22 11:16:38,105,[수도권제2순환선(봉담동탄)] 필봉산터널(동탄),[11:16:40] 차선 bootstrap 완료
2026-04-22 11:16:41,143,[수도권제2순환선(봉담동탄)] 필봉산터널(동탄),[11:16:32] ROI 자동설정 정상 복귀
2026-04-22 11:16:41,143,[수도권제2순환선(봉담동탄)] 필봉산터널(동탄),[11:16:32] 상태 변경: NORMAL → JAM
2026-04-22 11:16:41,143,[수도권제2순환선(봉담동탄)] 필봉산터널(동탄),[11:16:40] 차선 bootstrap 완료
2026-04-22 11:16:44,181,[수도권제2순환선(봉담동탄)] 필봉산터널(동탄),[11:16:32] ROI 자동설정 정상 복귀
2026-04-22 11:16:44,181,[수도권제2순환선(봉담동탄)] 필봉산터널(동탄),[11:16:32] 상태 변경: NORMAL → JAM
2026-04-22 11:16:44,181,[수도권제2순환선(봉담동탄)] 필봉산터널(동탄),[11:16:40] 차선 bootstrap 완료
2026-04-22 11:16:47,220,[수도권제2순환선(봉담동탄)] 필봉산터널(동탄),[11:16:32] ROI 자동설정 정상 복귀
2026-04-22 11:16:47,220,[수도권제2순환선(봉담동탄)] 필봉산터널(동탄),[11:16:32] 상태 변경: NORMAL → JAM
2026-04-22 11:16:47,220,[수도권제2순환선(봉담동탄)] 필봉산터널(동탄),[11:16:40] 차선 bootstrap 완료
2026-04-22 11:16:51,255,[수도권제2순환선(봉담동탄)] 필봉산터널(동탄),[11:16:32] ROI 자동설정 정상 복귀
2026-04-22 11:16:51,255,[수도권제2순환선(봉담동탄)] 필봉산터널(동탄),[11:16:32] 상태 변경: NORMAL → JAM
2026-04-22 11:16:51,255,[수도권제2순환선(봉담동탄)] 필봉산터널(동탄),[11:16:40] 차선 bootstrap 완료
2026-04-22 11:16:54,290,[수도권제2순환선(봉담동탄)] 필봉산터널(동탄),[11:16:32] ROI 자동설정 정상 복귀
2026-04-22 11:16:54,290,[수도권제2순환선(봉담동탄)] 필봉산터널(동탄),[11:16:32] 상태 변경: NORMAL → JAM
2026-04-22 11:16:54,290,[수도권제2순환선(봉담동탄)] 필봉산터널(동탄),[11:16:40] 차선 bootstrap 완료
2026-04-22 11:16:57,325,[수도권제2순환선(봉담동탄)] 필봉산터널(동탄),[11:16:32] ROI 자동설정 정상 복귀
2026-04-22 11:16:57,325,[수도권제2순환선(봉담동탄)] 필봉산터널(동탄),[11:16:32] 상태 변경: NORMAL → JAM
2026-04-22 11:16:57,325,[수도권제2순환선(봉담동탄)] 필봉산터널(동탄),[11:16:40] 차선 bootstrap 완료
2026-04-22 11:17:00,350,[수도권제2순환선(봉담동탄)] 필봉산터널(동탄),[11:16:32] ROI 자동설정 정상 복귀
2026-04-22 11:17:00,350,[수도권제2순환선(봉담동탄)] 필봉산터널(동탄),[11:16:32] 상태 변경: NORMAL → JAM
2026-04-22 11:17:00,350,[수도권제2순환선(봉담동탄)] 필봉산터널(동탄),[11:16:40] 차선 bootstrap 완료
2026-04-22 11:17:03,385,[수도권제2순환선(봉담동탄)] 필봉산터널(동탄),[11:16:32] ROI 자동설정 정상 복귀
2026-04-22 11:17:03,385,[수도권제2순환선(봉담동탄)] 필봉산터널(동탄),[11:16:32] 상태 변경: NORMAL → JAM
2026-04-22 11:17:03,385,[수도권제2순환선(봉담동탄)] 필봉산터널(동탄),[11:16:40] 차선 bootstrap 완료
2026-04-22 11:17:06,420,[수도권제2순환선(봉담동탄)] 필봉산터널(동탄),[11:16:32] ROI 자동설정 정상 복귀
2026-04-22 11:17:06,420,[수도권제2순환선(봉담동탄)] 필봉산터널(동탄),[11:16:32] 상태 변경: NORMAL → JAM
2026-04-22 11:17:06,420,[수도권제2순환선(봉담동탄)] 필봉산터널(동탄),[11:16:40] 차선 bootstrap 완료
2026-04-22 11:17:09,454,[수도권제2순환선(봉담동탄)] 필봉산터널(동탄),[11:16:32] ROI 자동설정 정상 복귀
2026-04-22 11:17:09,454,[수도권제2순환선(봉담동탄)] 필봉산터널(동탄),[11:16:32] 상태 변경: NORMAL → JAM
2026-04-22 11:17:09,454,[수도권제2순환선(봉담동탄)] 필봉산터널(동탄),[11:16:40] 차선 bootstrap 완료
2026-04-22 11:17:12,491,[수도권제2순환선(봉담동탄)] 필봉산터널(동탄),[11:16:32] ROI 자동설정 정상 복귀
2026-04-22 11:17:12,491,[수도권제2순환선(봉담동탄)] 필봉산터널(동탄),[11:16:32] 상태 변경: NORMAL → JAM
2026-04-22 11:17:12,491,[수도권제2순환선(봉담동탄)] 필봉산터널(동탄),[11:16:40] 차선 bootstrap 완료
2026-04-22 11:17:15,526,[수도권제2순환선(봉담동탄)] 필봉산터널(동탄),[11:16:32] ROI 자동설정 정상 복귀
2026-04-22 11:17:15,526,[수도권제2순환선(봉담동탄)] 필봉산터널(동탄),[11:16:32] 상태 변경: NORMAL → JAM
2026-04-22 11:17:15,526,[수도권제2순환선(봉담동탄)] 필봉산터널(동탄),[11:16:40] 차선 bootstrap 완료
2026-04-22 11:17:18,564,[수도권제2순환선(봉담동탄)] 필봉산터널(동탄),[11:16:32] ROI 자동설정 정상 복귀
2026-04-22 11:17:18,564,[수도권제2순환선(봉담동탄)] 필봉산터널(동탄),[11:16:32] 상태 변경: NORMAL → JAM
2026-04-22 11:17:18,564,[수도권제2순환선(봉담동탄)] 필봉산터널(동탄),[11:16:40] 차선 bootstrap 완료
2026-04-22 11:17:22,605,[수도권제2순환선(봉담동탄)] 필봉산터널(동탄),[11:16:32] ROI 자동설정 정상 복귀
2026-04-22 11:17:22,605,[수도권제2순환선(봉담동탄)] 필봉산터널(동탄),[11:16:32] 상태 변경: NORMAL → JAM
2026-04-22 11:17:22,605,[수도권제2순환선(봉담동탄)] 필봉산터널(동탄),[11:16:40] 차선 bootstrap 완료
2026-04-22 11:17:25,644,[수도권제2순환선(봉담동탄)] 필봉산터널(동탄),[11:16:32] ROI 자동설정 정상 복귀
2026-04-22 11:17:25,644,[수도권제2순환선(봉담동탄)] 필봉산터널(동탄),[11:16:32] 상태 변경: NORMAL → JAM
2026-04-22 11:17:25,644,[수도권제2순환선(봉담동탄)] 필봉산터널(동탄),[11:16:40] 차선 bootstrap 완료
2026-04-22 11:17:29,682,[수도권제2순환선(봉담동탄)] 필봉산터널(동탄),[11:16:32] ROI 자동설정 정상 복귀
2026-04-22 11:17:29,682,[수도권제2순환선(봉담동탄)] 필봉산터널(동탄),[11:16:32] 상태 변경: NORMAL → JAM
2026-04-22 11:17:29,682,[수도권제2순환선(봉담동탄)] 필봉산터널(동탄),[11:16:40] 차선 bootstrap 완료
2026-04-22 11:17:32,710,[수도권제2순환선(봉담동탄)] 필봉산터널(동탄),[11:16:32] ROI 자동설정 정상 복귀
2026-04-22 11:17:32,710,[수도권제2순환선(봉담동탄)] 필봉산터널(동탄),[11:16:32] 상태 변경: NORMAL → JAM
2026-04-22 11:17:32,710,[수도권제2순환선(봉담동탄)] 필봉산터널(동탄),[11:16:40] 차선 bootstrap 완료
2026-04-22 11:17:35,748,[수도권제2순환선(봉담동탄)] 필봉산터널(동탄),[11:16:32] ROI 자동설정 정상 복귀
2026-04-22 11:17:35,748,[수도권제2순환선(봉담동탄)] 필봉산터널(동탄),[11:16:32] 상태 변경: NORMAL → JAM
2026-04-22 11:17:35,748,[수도권제2순환선(봉담동탄)] 필봉산터널(동탄),[11:16:40] 차선 bootstrap 완료
2026-04-22 11:17:38,785,[수도권제2순환선(봉담동탄)] 필봉산터널(동탄),[11:16:32] ROI 자동설정 정상 복귀
2026-04-22 11:17:38,785,[수도권제2순환선(봉담동탄)] 필봉산터널(동탄),[11:16:32] 상태 변경: NORMAL → JAM
2026-04-22 11:17:38,785,[수도권제2순환선(봉담동탄)] 필봉산터널(동탄),[11:16:40] 차선 bootstrap 완료
2026-04-22 11:17:41,827,[수도권제2순환선(봉담동탄)] 필봉산터널(동탄),[11:16:32] ROI 자동설정 정상 복귀
2026-04-22 11:17:41,827,[수도권제2순환선(봉담동탄)] 필봉산터널(동탄),[11:16:32] 상태 변경: NORMAL → JAM
2026-04-22 11:17:41,827,[수도권제2순환선(봉담동탄)] 필봉산터널(동탄),[11:16:40] 차선 bootstrap 완료
2026-04-22 11:17:45,869,[수도권제2순환선(봉담동탄)] 필봉산터널(동탄),[11:16:32] ROI 자동설정 정상 복귀
2026-04-22 11:17:45,869,[수도권제2순환선(봉담동탄)] 필봉산터널(동탄),[11:16:32] 상태 변경: NORMAL → JAM
2026-04-22 11:17:45,869,[수도권제2순환선(봉담동탄)] 필봉산터널(동탄),[11:16:40] 차선 bootstrap 완료
2026-04-22 11:17:48,905,[수도권제2순환선(봉담동탄)] 필봉산터널(동탄),[11:16:32] ROI 자동설정 정상 복귀
2026-04-22 11:17:48,905,[수도권제2순환선(봉담동탄)] 필봉산터널(동탄),[11:16:32] 상태 변경: NORMAL → JAM
2026-04-22 11:17:48,905,[수도권제2순환선(봉담동탄)] 필봉산터널(동탄),[11:16:40] 차선 bootstrap 완료
2026-04-22 11:17:51,943,[수도권제2순환선(봉담동탄)] 필봉산터널(동탄),[11:16:32] ROI 자동설정 정상 복귀
2026-04-22 11:17:51,943,[수도권제2순환선(봉담동탄)] 필봉산터널(동탄),[11:16:32] 상태 변경: NORMAL → JAM
2026-04-22 11:17:51,943,[수도권제2순환선(봉담동탄)] 필봉산터널(동탄),[11:16:40] 차선 bootstrap 완료
2026-04-22 11:17:54,980,[수도권제2순환선(봉담동탄)] 필봉산터널(동탄),[11:16:32] ROI 자동설정 정상 복귀
2026-04-22 11:17:54,980,[수도권제2순환선(봉담동탄)] 필봉산터널(동탄),[11:16:32] 상태 변경: NORMAL → JAM
2026-04-22 11:17:54,980,[수도권제2순환선(봉담동탄)] 필봉산터널(동탄),[11:16:40] 차선 bootstrap 완료
2026-04-22 11:17:57,1017,[수도권제2순환선(봉담동탄)] 필봉산터널(동탄),[11:16:32] ROI 자동설정 정상 복귀
2026-04-22 11:17:57,1017,[수도권제2순환선(봉담동탄)] 필봉산터널(동탄),[11:16:32] 상태 변경: NORMAL → JAM
2026-04-22 11:17:57,1017,[수도권제2순환선(봉담동탄)] 필봉산터널(동탄),[11:16:40] 차선 bootstrap 완료
2026-04-22 11:18:00,1054,[수도권제2순환선(봉담동탄)] 필봉산터널(동탄),[11:16:32] ROI 자동설정 정상 복귀
2026-04-22 11:18:00,1054,[수도권제2순환선(봉담동탄)] 필봉산터널(동탄),[11:16:32] 상태 변경: NORMAL → JAM
2026-04-22 11:18:00,1054,[수도권제2순환선(봉담동탄)] 필봉산터널(동탄),[11:16:40] 차선 bootstrap 완료
2026-04-22 11:18:03,1072,[수도권제2순환선(봉담동탄)] 필봉산터널(동탄),[11:16:32] ROI 자동설정 정상 복귀
2026-04-22 11:18:03,1072,[수도권제2순환선(봉담동탄)] 필봉산터널(동탄),[11:16:32] 상태 변경: NORMAL → JAM
2026-04-22 11:18:03,1072,[수도권제2순환선(봉담동탄)] 필봉산터널(동탄),[11:16:40] 차선 bootstrap 완료
2026-04-22 11:18:06,1118,[수도권제2순환선(봉담동탄)] 필봉산터널(동탄),[11:16:32] ROI 자동설정 정상 복귀
2026-04-22 11:18:06,1118,[수도권제2순환선(봉담동탄)] 필봉산터널(동탄),[11:16:32] 상태 변경: NORMAL → JAM
2026-04-22 11:18:06,1118,[수도권제2순환선(봉담동탄)] 필봉산터널(동탄),[11:16:40] 차선 bootstrap 완료
2026-04-22 11:18:09,1154,[수도권제2순환선(봉담동탄)] 필봉산터널(동탄),[11:16:32] ROI 자동설정 정상 복귀
2026-04-22 11:18:09,1154,[수도권제2순환선(봉담동탄)] 필봉산터널(동탄),[11:16:32] 상태 변경: NORMAL → JAM
2026-04-22 11:18:09,1154,[수도권제2순환선(봉담동탄)] 필봉산터널(동탄),[11:16:40] 차선 bootstrap 완료
2026-04-22 11:18:12,18,[수원광명선] 수원 구봉산터널,[11:18:14] 상태 변경: NORMAL → JAM
2026-04-22 11:18:12,18,[수원광명선] 수원 구봉산터널,[11:18:14] ROI 자동설정 정상 복귀
2026-04-22 11:18:15,57,[수원광명선] 수원 구봉산터널,[11:18:14] 상태 변경: NORMAL → JAM
2026-04-22 11:18:15,57,[수원광명선] 수원 구봉산터널,[11:18:14] ROI 자동설정 정상 복귀
2026-04-22 11:18:18,92,[수원광명선] 수원 구봉산터널,[11:18:14] 상태 변경: NORMAL → JAM
2026-04-22 11:18:18,92,[수원광명선] 수원 구봉산터널,[11:18:14] ROI 자동설정 정상 복귀
2026-04-22 11:18:18,92,[수원광명선] 수원 구봉산터널,[11:18:18] 상태 변경: JAM → CONGESTION
2026-04-22 11:18:21,123,[수원광명선] 수원 구봉산터널,[11:18:14] 상태 변경: NORMAL → JAM
2026-04-22 11:18:21,123,[수원광명선] 수원 구봉산터널,[11:18:14] ROI 자동설정 정상 복귀
2026-04-22 11:18:21,123,[수원광명선] 수원 구봉산터널,[11:18:18] 상태 변경: JAM → CONGESTION
2026-04-22 11:18:21,123,[수원광명선] 수원 구봉산터널,[11:18:22] 차선 bootstrap 완료
2026-04-22 11:18:25,163,[수원광명선] 수원 구봉산터널,[11:18:14] 상태 변경: NORMAL → JAM
2026-04-22 11:18:25,163,[수원광명선] 수원 구봉산터널,[11:18:14] ROI 자동설정 정상 복귀
2026-04-22 11:18:25,163,[수원광명선] 수원 구봉산터널,[11:18:18] 상태 변경: JAM → CONGESTION
2026-04-22 11:18:25,163,[수원광명선] 수원 구봉산터널,[11:18:22] 차선 bootstrap 완료
2026-04-22 11:18:28,199,[수원광명선] 수원 구봉산터널,[11:18:14] 상태 변경: NORMAL → JAM
2026-04-22 11:18:28,199,[수원광명선] 수원 구봉산터널,[11:18:14] ROI 자동설정 정상 복귀
2026-04-22 11:18:28,199,[수원광명선] 수원 구봉산터널,[11:18:18] 상태 변경: JAM → CONGESTION
2026-04-22 11:18:28,199,[수원광명선] 수원 구봉산터널,[11:18:22] 차선 bootstrap 완료
2026-04-22 11:18:31,225,[수원광명선] 수원 구봉산터널,[11:18:14] 상태 변경: NORMAL → JAM
2026-04-22 11:18:31,225,[수원광명선] 수원 구봉산터널,[11:18:14] ROI 자동설정 정상 복귀
2026-04-22 11:18:31,225,[수원광명선] 수원 구봉산터널,[11:18:18] 상태 변경: JAM → CONGESTION
2026-04-22 11:18:31,225,[수원광명선] 수원 구봉산터널,[11:18:22] 차선 bootstrap 완료
2026-04-22 11:18:34,252,[수원광명선] 수원 구봉산터널,[11:18:14] 상태 변경: NORMAL → JAM
2026-04-22 11:18:34,252,[수원광명선] 수원 구봉산터널,[11:18:14] ROI 자동설정 정상 복귀
2026-04-22 11:18:34,252,[수원광명선] 수원 구봉산터널,[11:18:18] 상태 변경: JAM → CONGESTION
2026-04-22 11:18:34,252,[수원광명선] 수원 구봉산터널,[11:18:22] 차선 bootstrap 완료
2026-04-22 11:18:37,283,[수원광명선] 수원 구봉산터널,[11:18:14] 상태 변경: NORMAL → JAM
2026-04-22 11:18:37,283,[수원광명선] 수원 구봉산터널,[11:18:14] ROI 자동설정 정상 복귀
2026-04-22 11:18:37,283,[수원광명선] 수원 구봉산터널,[11:18:18] 상태 변경: JAM → CONGESTION
2026-04-22 11:18:37,283,[수원광명선] 수원 구봉산터널,[11:18:22] 차선 bootstrap 완료
2026-04-22 11:18:41,320,[수원광명선] 수원 구봉산터널,[11:18:14] 상태 변경: NORMAL → JAM
2026-04-22 11:18:41,320,[수원광명선] 수원 구봉산터널,[11:18:14] ROI 자동설정 정상 복귀
2026-04-22 11:18:41,320,[수원광명선] 수원 구봉산터널,[11:18:18] 상태 변경: JAM → CONGESTION
2026-04-22 11:18:41,320,[수원광명선] 수원 구봉산터널,[11:18:22] 차선 bootstrap 완료
2026-04-22 11:18:44,359,[수원광명선] 수원 구봉산터널,[11:18:14] 상태 변경: NORMAL → JAM
2026-04-22 11:18:44,359,[수원광명선] 수원 구봉산터널,[11:18:14] ROI 자동설정 정상 복귀
2026-04-22 11:18:44,359,[수원광명선] 수원 구봉산터널,[11:18:18] 상태 변경: JAM → CONGESTION
2026-04-22 11:18:44,359,[수원광명선] 수원 구봉산터널,[11:18:22] 차선 bootstrap 완료
2026-04-22 11:18:47,397,[수원광명선] 수원 구봉산터널,[11:18:14] 상태 변경: NORMAL → JAM
2026-04-22 11:18:47,397,[수원광명선] 수원 구봉산터널,[11:18:14] ROI 자동설정 정상 복귀
2026-04-22 11:18:47,397,[수원광명선] 수원 구봉산터널,[11:18:18] 상태 변경: JAM → CONGESTION
2026-04-22 11:18:47,397,[수원광명선] 수원 구봉산터널,[11:18:22] 차선 bootstrap 완료
2026-04-22 11:18:50,437,[수원광명선] 수원 구봉산터널,[11:18:14] 상태 변경: NORMAL → JAM
2026-04-22 11:18:50,437,[수원광명선] 수원 구봉산터널,[11:18:14] ROI 자동설정 정상 복귀
2026-04-22 11:18:50,437,[수원광명선] 수원 구봉산터널,[11:18:18] 상태 변경: JAM → CONGESTION
2026-04-22 11:18:50,437,[수원광명선] 수원 구봉산터널,[11:18:22] 차선 bootstrap 완료
2026-04-22 11:18:54,476,[수원광명선] 수원 구봉산터널,[11:18:14] 상태 변경: NORMAL → JAM
2026-04-22 11:18:54,476,[수원광명선] 수원 구봉산터널,[11:18:14] ROI 자동설정 정상 복귀
2026-04-22 11:18:54,476,[수원광명선] 수원 구봉산터널,[11:18:18] 상태 변경: JAM → CONGESTION
2026-04-22 11:18:54,476,[수원광명선] 수원 구봉산터널,[11:18:22] 차선 bootstrap 완료
2026-04-22 11:18:57,516,[수원광명선] 수원 구봉산터널,[11:18:14] 상태 변경: NORMAL → JAM
2026-04-22 11:18:57,516,[수원광명선] 수원 구봉산터널,[11:18:14] ROI 자동설정 정상 복귀
2026-04-22 11:18:57,516,[수원광명선] 수원 구봉산터널,[11:18:18] 상태 변경: JAM → CONGESTION
2026-04-22 11:18:57,516,[수원광명선] 수원 구봉산터널,[11:18:22] 차선 bootstrap 완료
2026-04-22 11:19:00,552,[수원광명선] 수원 구봉산터널,[11:18:14] 상태 변경: NORMAL → JAM
2026-04-22 11:19:00,552,[수원광명선] 수원 구봉산터널,[11:18:14] ROI 자동설정 정상 복귀
2026-04-22 11:19:00,552,[수원광명선] 수원 구봉산터널,[11:18:18] 상태 변경: JAM → CONGESTION
2026-04-22 11:19:00,552,[수원광명선] 수원 구봉산터널,[11:18:22] 차선 bootstrap 완료
2026-04-22 11:19:03,589,[수원광명선] 수원 구봉산터널,[11:18:14] 상태 변경: NORMAL → JAM
2026-04-22 11:19:03,589,[수원광명선] 수원 구봉산터널,[11:18:14] ROI 자동설정 정상 복귀
2026-04-22 11:19:03,589,[수원광명선] 수원 구봉산터널,[11:18:18] 상태 변경: JAM → CONGESTION
2026-04-22 11:19:03,589,[수원광명선] 수원 구봉산터널,[11:18:22] 차선 bootstrap 완료
2026-04-22 11:19:07,621,[수원광명선] 수원 구봉산터널,[11:18:14] 상태 변경: NORMAL → JAM
2026-04-22 11:19:07,621,[수원광명선] 수원 구봉산터널,[11:18:14] ROI 자동설정 정상 복귀
2026-04-22 11:19:07,621,[수원광명선] 수원 구봉산터널,[11:18:18] 상태 변경: JAM → CONGESTION
2026-04-22 11:19:07,621,[수원광명선] 수원 구봉산터널,[11:18:22] 차선 bootstrap 완료
2026-04-22 11:19:10,662,[수원광명선] 수원 구봉산터널,[11:18:14] 상태 변경: NORMAL → JAM
2026-04-22 11:19:10,662,[수원광명선] 수원 구봉산터널,[11:18:14] ROI 자동설정 정상 복귀
2026-04-22 11:19:10,662,[수원광명선] 수원 구봉산터널,[11:18:18] 상태 변경: JAM → CONGESTION
2026-04-22 11:19:10,662,[수원광명선] 수원 구봉산터널,[11:18:22] 차선 bootstrap 완료
2026-04-22 11:19:13,705,[수원광명선] 수원 구봉산터널,[11:18:14] 상태 변경: NORMAL → JAM
2026-04-22 11:19:13,705,[수원광명선] 수원 구봉산터널,[11:18:14] ROI 자동설정 정상 복귀
2026-04-22 11:19:13,705,[수원광명선] 수원 구봉산터널,[11:18:18] 상태 변경: JAM → CONGESTION
2026-04-22 11:19:13,705,[수원광명선] 수원 구봉산터널,[11:18:22] 차선 bootstrap 완료
2026-04-22 11:19:16,744,[수원광명선] 수원 구봉산터널,[11:18:14] 상태 변경: NORMAL → JAM
2026-04-22 11:19:16,744,[수원광명선] 수원 구봉산터널,[11:18:14] ROI 자동설정 정상 복귀
2026-04-22 11:19:16,744,[수원광명선] 수원 구봉산터널,[11:18:18] 상태 변경: JAM → CONGESTION
2026-04-22 11:19:16,744,[수원광명선] 수원 구봉산터널,[11:18:22] 차선 bootstrap 완료
2026-04-22 11:19:20,783,[수원광명선] 수원 구봉산터널,[11:18:14] 상태 변경: NORMAL → JAM
2026-04-22 11:19:20,783,[수원광명선] 수원 구봉산터널,[11:18:14] ROI 자동설정 정상 복귀
2026-04-22 11:19:20,783,[수원광명선] 수원 구봉산터널,[11:18:18] 상태 변경: JAM → CONGESTION
2026-04-22 11:19:20,783,[수원광명선] 수원 구봉산터널,[11:18:22] 차선 bootstrap 완료
2026-04-22 11:19:23,825,[수원광명선] 수원 구봉산터널,[11:18:14] 상태 변경: NORMAL → JAM
2026-04-22 11:19:23,825,[수원광명선] 수원 구봉산터널,[11:18:14] ROI 자동설정 정상 복귀
2026-04-22 11:19:23,825,[수원광명선] 수원 구봉산터널,[11:18:18] 상태 변경: JAM → CONGESTION
2026-04-22 11:19:23,825,[수원광명선] 수원 구봉산터널,[11:18:22] 차선 bootstrap 완료
2026-04-22 11:19:26,866,[수원광명선] 수원 구봉산터널,[11:18:14] 상태 변경: NORMAL → JAM
2026-04-22 11:19:26,866,[수원광명선] 수원 구봉산터널,[11:18:14] ROI 자동설정 정상 복귀
2026-04-22 11:19:26,866,[수원광명선] 수원 구봉산터널,[11:18:18] 상태 변경: JAM → CONGESTION
2026-04-22 11:19:26,866,[수원광명선] 수원 구봉산터널,[11:18:22] 차선 bootstrap 완료
2026-04-22 11:19:29,902,[수원광명선] 수원 구봉산터널,[11:18:14] 상태 변경: NORMAL → JAM
2026-04-22 11:19:29,902,[수원광명선] 수원 구봉산터널,[11:18:14] ROI 자동설정 정상 복귀
2026-04-22 11:19:29,902,[수원광명선] 수원 구봉산터널,[11:18:18] 상태 변경: JAM → CONGESTION
2026-04-22 11:19:29,902,[수원광명선] 수원 구봉산터널,[11:18:22] 차선 bootstrap 완료
2026-04-22 11:19:32,940,[수원광명선] 수원 구봉산터널,[11:18:14] 상태 변경: NORMAL → JAM
2026-04-22 11:19:32,940,[수원광명선] 수원 구봉산터널,[11:18:14] ROI 자동설정 정상 복귀
2026-04-22 11:19:32,940,[수원광명선] 수원 구봉산터널,[11:18:18] 상태 변경: JAM → CONGESTION
2026-04-22 11:19:32,940,[수원광명선] 수원 구봉산터널,[11:18:22] 차선 bootstrap 완료
2026-04-22 11:19:35,978,[수원광명선] 수원 구봉산터널,[11:18:14] 상태 변경: NORMAL → JAM
2026-04-22 11:19:35,978,[수원광명선] 수원 구봉산터널,[11:18:14] ROI 자동설정 정상 복귀
2026-04-22 11:19:35,978,[수원광명선] 수원 구봉산터널,[11:18:18] 상태 변경: JAM → CONGESTION
2026-04-22 11:19:35,978,[수원광명선] 수원 구봉산터널,[11:18:22] 차선 bootstrap 완료
2026-04-22 11:19:38,1005,[수원광명선] 수원 구봉산터널,[11:18:14] 상태 변경: NORMAL → JAM
2026-04-22 11:19:38,1005,[수원광명선] 수원 구봉산터널,[11:18:14] ROI 자동설정 정상 복귀
2026-04-22 11:19:38,1005,[수원광명선] 수원 구봉산터널,[11:18:18] 상태 변경: JAM → CONGESTION
2026-04-22 11:19:38,1005,[수원광명선] 수원 구봉산터널,[11:18:22] 차선 bootstrap 완료
2026-04-22 11:19:41,1041,[수원광명선] 수원 구봉산터널,[11:18:14] 상태 변경: NORMAL → JAM
2026-04-22 11:19:41,1041,[수원광명선] 수원 구봉산터널,[11:18:14] ROI 자동설정 정상 복귀
2026-04-22 11:19:41,1041,[수원광명선] 수원 구봉산터널,[11:18:18] 상태 변경: JAM → CONGESTION
2026-04-22 11:19:41,1041,[수원광명선] 수원 구봉산터널,[11:18:22] 차선 bootstrap 완료
2026-04-22 11:19:45,1081,[수원광명선] 수원 구봉산터널,[11:18:14] 상태 변경: NORMAL → JAM
2026-04-22 11:19:45,1081,[수원광명선] 수원 구봉산터널,[11:18:14] ROI 자동설정 정상 복귀
2026-04-22 11:19:45,1081,[수원광명선] 수원 구봉산터널,[11:18:18] 상태 변경: JAM → CONGESTION
2026-04-22 11:19:45,1081,[수원광명선] 수원 구봉산터널,[11:18:22] 차선 bootstrap 완료
2026-04-22 11:19:48,1117,[수원광명선] 수원 구봉산터널,[11:18:14] 상태 변경: NORMAL → JAM
2026-04-22 11:19:48,1117,[수원광명선] 수원 구봉산터널,[11:18:14] ROI 자동설정 정상 복귀
2026-04-22 11:19:48,1117,[수원광명선] 수원 구봉산터널,[11:18:18] 상태 변경: JAM → CONGESTION
2026-04-22 11:19:48,1117,[수원광명선] 수원 구봉산터널,[11:18:22] 차선 bootstrap 완료
2026-04-22 11:19:51,1154,[수원광명선] 수원 구봉산터널,[11:18:14] 상태 변경: NORMAL → JAM
2026-04-22 11:19:51,1154,[수원광명선] 수원 구봉산터널,[11:18:14] ROI 자동설정 정상 복귀
2026-04-22 11:19:51,1154,[수원광명선] 수원 구봉산터널,[11:18:18] 상태 변경: JAM → CONGESTION
2026-04-22 11:19:51,1154,[수원광명선] 수원 구봉산터널,[11:18:22] 차선 bootstrap 완료
2026-04-22 11:19:54,1193,[수원광명선] 수원 구봉산터널,[11:18:14] 상태 변경: NORMAL → JAM
2026-04-22 11:19:54,1193,[수원광명선] 수원 구봉산터널,[11:18:14] ROI 자동설정 정상 복귀
2026-04-22 11:19:54,1193,[수원광명선] 수원 구봉산터널,[11:18:18] 상태 변경: JAM → CONGESTION
2026-04-22 11:19:54,1193,[수원광명선] 수원 구봉산터널,[11:18:22] 차선 bootstrap 완료
2026-04-22 11:19:57,1229,[수원광명선] 수원 구봉산터널,[11:18:14] 상태 변경: NORMAL → JAM
2026-04-22 11:19:57,1229,[수원광명선] 수원 구봉산터널,[11:18:14] ROI 자동설정 정상 복귀
2026-04-22 11:19:57,1229,[수원광명선] 수원 구봉산터널,[11:18:18] 상태 변경: JAM → CONGESTION
2026-04-22 11:19:57,1229,[수원광명선] 수원 구봉산터널,[11:18:22] 차선 bootstrap 완료
2026-04-22 11:20:00,1262,[수원광명선] 수원 구봉산터널,[11:18:14] 상태 변경: NORMAL → JAM
2026-04-22 11:20:00,1262,[수원광명선] 수원 구봉산터널,[11:18:14] ROI 자동설정 정상 복귀
2026-04-22 11:20:00,1262,[수원광명선] 수원 구봉산터널,[11:18:18] 상태 변경: JAM → CONGESTION
2026-04-22 11:20:00,1262,[수원광명선] 수원 구봉산터널,[11:18:22] 차선 bootstrap 완료
2026-04-22 11:20:03,1302,[수원광명선] 수원 구봉산터널,[11:18:14] 상태 변경: NORMAL → JAM
2026-04-22 11:20:03,1302,[수원광명선] 수원 구봉산터널,[11:18:14] ROI 자동설정 정상 복귀
2026-04-22 11:20:03,1302,[수원광명선] 수원 구봉산터널,[11:18:18] 상태 변경: JAM → CONGESTION
2026-04-22 11:20:03,1302,[수원광명선] 수원 구봉산터널,[11:18:22] 차선 bootstrap 완료
2026-04-22 11:20:07,1339,[수원광명선] 수원 구봉산터널,[11:18:14] 상태 변경: NORMAL → JAM
2026-04-22 11:20:07,1339,[수원광명선] 수원 구봉산터널,[11:18:14] ROI 자동설정 정상 복귀
2026-04-22 11:20:07,1339,[수원광명선] 수원 구봉산터널,[11:18:18] 상태 변경: JAM → CONGESTION
2026-04-22 11:20:07,1339,[수원광명선] 수원 구봉산터널,[11:18:22] 차선 bootstrap 완료
2026-04-22 11:20:10,1372,[수원광명선] 수원 구봉산터널,[11:18:14] 상태 변경: NORMAL → JAM
2026-04-22 11:20:10,1372,[수원광명선] 수원 구봉산터널,[11:18:14] ROI 자동설정 정상 복귀
2026-04-22 11:20:10,1372,[수원광명선] 수원 구봉산터널,[11:18:18] 상태 변경: JAM → CONGESTION
2026-04-22 11:20:10,1372,[수원광명선] 수원 구봉산터널,[11:18:22] 차선 bootstrap 완료
2026-04-22 11:20:13,1419,[수원광명선] 수원 구봉산터널,[11:18:14] 상태 변경: NORMAL → JAM
2026-04-22 11:20:13,1419,[수원광명선] 수원 구봉산터널,[11:18:14] ROI 자동설정 정상 복귀
2026-04-22 11:20:13,1419,[수원광명선] 수원 구봉산터널,[11:18:18] 상태 변경: JAM → CONGESTION
2026-04-22 11:20:13,1419,[수원광명선] 수원 구봉산터널,[11:18:22] 차선 bootstrap 완료
2026-04-22 11:20:13,1419,[수원광명선] 수원 구봉산터널,[11:20:14] 상태 변경: CONGESTION → JAM
2026-04-22 11:20:16,1465,[수원광명선] 수원 구봉산터널,[11:18:14] 상태 변경: NORMAL → JAM
2026-04-22 11:20:16,1465,[수원광명선] 수원 구봉산터널,[11:18:14] ROI 자동설정 정상 복귀
2026-04-22 11:20:16,1465,[수원광명선] 수원 구봉산터널,[11:18:18] 상태 변경: JAM → CONGESTION
2026-04-22 11:20:16,1465,[수원광명선] 수원 구봉산터널,[11:18:22] 차선 bootstrap 완료
2026-04-22 11:20:16,1465,[수원광명선] 수원 구봉산터널,[11:20:14] 상태 변경: CONGESTION → JAM
2026-04-22 11:20:19,1509,[수원광명선] 수원 구봉산터널,[11:18:14] 상태 변경: NORMAL → JAM
2026-04-22 11:20:19,1509,[수원광명선] 수원 구봉산터널,[11:18:14] ROI 자동설정 정상 복귀
2026-04-22 11:20:19,1509,[수원광명선] 수원 구봉산터널,[11:18:18] 상태 변경: JAM → CONGESTION
2026-04-22 11:20:19,1509,[수원광명선] 수원 구봉산터널,[11:18:22] 차선 bootstrap 완료
2026-04-22 11:20:19,1509,[수원광명선] 수원 구봉산터널,[11:20:14] 상태 변경: CONGESTION → JAM
2026-04-22 11:20:22,1553,[수원광명선] 수원 구봉산터널,[11:18:14] 상태 변경: NORMAL → JAM
2026-04-22 11:20:22,1553,[수원광명선] 수원 구봉산터널,[11:18:14] ROI 자동설정 정상 복귀
2026-04-22 11:20:22,1553,[수원광명선] 수원 구봉산터널,[11:18:18] 상태 변경: JAM → CONGESTION
2026-04-22 11:20:22,1553,[수원광명선] 수원 구봉산터널,[11:18:22] 차선 bootstrap 완료
2026-04-22 11:20:22,1553,[수원광명선] 수원 구봉산터널,[11:20:14] 상태 변경: CONGESTION → JAM
2026-04-22 11:20:22,1553,[수원광명선] 수원 구봉산터널,[11:20:21] 상태 변경: JAM → CONGESTION
2026-04-22 11:20:22,1553,[수원광명선] 수원 구봉산터널,[11:20:24] 상태 변경: CONGESTION → JAM
2026-04-22 11:20:25,1604,[수원광명선] 수원 구봉산터널,[11:18:14] 상태 변경: NORMAL → JAM
2026-04-22 11:20:25,1604,[수원광명선] 수원 구봉산터널,[11:18:14] ROI 자동설정 정상 복귀
2026-04-22 11:20:25,1604,[수원광명선] 수원 구봉산터널,[11:18:18] 상태 변경: JAM → CONGESTION
2026-04-22 11:20:25,1604,[수원광명선] 수원 구봉산터널,[11:18:22] 차선 bootstrap 완료
2026-04-22 11:20:25,1604,[수원광명선] 수원 구봉산터널,[11:20:14] 상태 변경: CONGESTION → JAM
2026-04-22 11:20:25,1604,[수원광명선] 수원 구봉산터널,[11:20:21] 상태 변경: JAM → CONGESTION
2026-04-22 11:20:25,1604,[수원광명선] 수원 구봉산터널,[11:20:24] 상태 변경: CONGESTION → JAM
2026-04-22 11:20:25,1604,[수원광명선] 수원 구봉산터널,[11:20:26] 상태 변경: JAM → CONGESTION
2026-04-22 11:20:29,1650,[수원광명선] 수원 구봉산터널,[11:18:14] 상태 변경: NORMAL → JAM
2026-04-22 11:20:29,1650,[수원광명선] 수원 구봉산터널,[11:18:14] ROI 자동설정 정상 복귀
2026-04-22 11:20:29,1650,[수원광명선] 수원 구봉산터널,[11:18:18] 상태 변경: JAM → CONGESTION
2026-04-22 11:20:29,1650,[수원광명선] 수원 구봉산터널,[11:18:22] 차선 bootstrap 완료
2026-04-22 11:20:29,1650,[수원광명선] 수원 구봉산터널,[11:20:14] 상태 변경: CONGESTION → JAM
2026-04-22 11:20:29,1650,[수원광명선] 수원 구봉산터널,[11:20:21] 상태 변경: JAM → CONGESTION
2026-04-22 11:20:29,1650,[수원광명선] 수원 구봉산터널,[11:20:24] 상태 변경: CONGESTION → JAM
2026-04-22 11:20:29,1650,[수원광명선] 수원 구봉산터널,[11:20:26] 상태 변경: JAM → CONGESTION
2026-04-22 11:20:32,1694,[수원광명선] 수원 구봉산터널,[11:18:14] 상태 변경: NORMAL → JAM
2026-04-22 11:20:32,1694,[수원광명선] 수원 구봉산터널,[11:18:14] ROI 자동설정 정상 복귀
2026-04-22 11:20:32,1694,[수원광명선] 수원 구봉산터널,[11:18:18] 상태 변경: JAM → CONGESTION
2026-04-22 11:20:32,1694,[수원광명선] 수원 구봉산터널,[11:18:22] 차선 bootstrap 완료
2026-04-22 11:20:32,1694,[수원광명선] 수원 구봉산터널,[11:20:14] 상태 변경: CONGESTION → JAM
2026-04-22 11:20:32,1694,[수원광명선] 수원 구봉산터널,[11:20:21] 상태 변경: JAM → CONGESTION
2026-04-22 11:20:32,1694,[수원광명선] 수원 구봉산터널,[11:20:24] 상태 변경: CONGESTION → JAM
2026-04-22 11:20:32,1694,[수원광명선] 수원 구봉산터널,[11:20:26] 상태 변경: JAM → CONGESTION
2026-04-22 11:20:35,1733,[수원광명선] 수원 구봉산터널,[11:18:14] 상태 변경: NORMAL → JAM
2026-04-22 11:20:35,1733,[수원광명선] 수원 구봉산터널,[11:18:14] ROI 자동설정 정상 복귀
2026-04-22 11:20:35,1733,[수원광명선] 수원 구봉산터널,[11:18:18] 상태 변경: JAM → CONGESTION
2026-04-22 11:20:35,1733,[수원광명선] 수원 구봉산터널,[11:18:22] 차선 bootstrap 완료
2026-04-22 11:20:35,1733,[수원광명선] 수원 구봉산터널,[11:20:14] 상태 변경: CONGESTION → JAM
2026-04-22 11:20:35,1733,[수원광명선] 수원 구봉산터널,[11:20:21] 상태 변경: JAM → CONGESTION
2026-04-22 11:20:35,1733,[수원광명선] 수원 구봉산터널,[11:20:24] 상태 변경: CONGESTION → JAM
2026-04-22 11:20:35,1733,[수원광명선] 수원 구봉산터널,[11:20:26] 상태 변경: JAM → CONGESTION
2026-04-22 11:20:38,1772,[수원광명선] 수원 구봉산터널,[11:18:14] 상태 변경: NORMAL → JAM
2026-04-22 11:20:38,1772,[수원광명선] 수원 구봉산터널,[11:18:14] ROI 자동설정 정상 복귀
2026-04-22 11:20:38,1772,[수원광명선] 수원 구봉산터널,[11:18:18] 상태 변경: JAM → CONGESTION
2026-04-22 11:20:38,1772,[수원광명선] 수원 구봉산터널,[11:18:22] 차선 bootstrap 완료
2026-04-22 11:20:38,1772,[수원광명선] 수원 구봉산터널,[11:20:14] 상태 변경: CONGESTION → JAM
2026-04-22 11:20:38,1772,[수원광명선] 수원 구봉산터널,[11:20:21] 상태 변경: JAM → CONGESTION
2026-04-22 11:20:38,1772,[수원광명선] 수원 구봉산터널,[11:20:24] 상태 변경: CONGESTION → JAM
2026-04-22 11:20:38,1772,[수원광명선] 수원 구봉산터널,[11:20:26] 상태 변경: JAM → CONGESTION
2026-04-22 11:20:41,1809,[수원광명선] 수원 구봉산터널,[11:18:14] 상태 변경: NORMAL → JAM
2026-04-22 11:20:41,1809,[수원광명선] 수원 구봉산터널,[11:18:14] ROI 자동설정 정상 복귀
2026-04-22 11:20:41,1809,[수원광명선] 수원 구봉산터널,[11:18:18] 상태 변경: JAM → CONGESTION
2026-04-22 11:20:41,1809,[수원광명선] 수원 구봉산터널,[11:18:22] 차선 bootstrap 완료
2026-04-22 11:20:41,1809,[수원광명선] 수원 구봉산터널,[11:20:14] 상태 변경: CONGESTION → JAM
2026-04-22 11:20:41,1809,[수원광명선] 수원 구봉산터널,[11:20:21] 상태 변경: JAM → CONGESTION
2026-04-22 11:20:41,1809,[수원광명선] 수원 구봉산터널,[11:20:24] 상태 변경: CONGESTION → JAM
2026-04-22 11:20:41,1809,[수원광명선] 수원 구봉산터널,[11:20:26] 상태 변경: JAM → CONGESTION
2026-04-22 11:20:44,1846,[수원광명선] 수원 구봉산터널,[11:18:14] 상태 변경: NORMAL → JAM
2026-04-22 11:20:44,1846,[수원광명선] 수원 구봉산터널,[11:18:14] ROI 자동설정 정상 복귀
2026-04-22 11:20:44,1846,[수원광명선] 수원 구봉산터널,[11:18:18] 상태 변경: JAM → CONGESTION
2026-04-22 11:20:44,1846,[수원광명선] 수원 구봉산터널,[11:18:22] 차선 bootstrap 완료
2026-04-22 11:20:44,1846,[수원광명선] 수원 구봉산터널,[11:20:14] 상태 변경: CONGESTION → JAM
2026-04-22 11:20:44,1846,[수원광명선] 수원 구봉산터널,[11:20:21] 상태 변경: JAM → CONGESTION
2026-04-22 11:20:44,1846,[수원광명선] 수원 구봉산터널,[11:20:24] 상태 변경: CONGESTION → JAM
2026-04-22 11:20:44,1846,[수원광명선] 수원 구봉산터널,[11:20:26] 상태 변경: JAM → CONGESTION
